ud_id,proj_rank,full_name,team,position,proj_posrk,adp,differential,pff_id,ep,ep_share,notd_ep,noscramb_ep,notd_noscramb_ep,min_ppg,min_ep,min_ep_share,min_notd_ep,min_noscramb_ep,min_notd_noscramb_ep,max_ppg,max_ep,max_ep_share,max_notd_ep,max_noscramb_ep,max_notd_noscramb_ep,ppg
78a5634d-93aa-4cd9-b1af-dfb829df452c,1,Christian McCaffrey,Carolina Panthers,RB,RB1,1,0,11763,25.988888888888887,0.4263810415226157,16.78968888888889,25.988888888888887,16.78968888888889,12.5,17.9,0.3549231006557948,12.892,17.9,12.892,44.7,35.5,0.48172507001130704,22.0616,35.5,22.0616,29.366666666666667
a971451b-f89e-498f-a6b4-060854880ed6,2,Dalvin Cook,Minnesota Vikings,RB,RB2,2.3,0.3,11796,25.4,0.42802292767201877,15.706666666666667,25.4,15.706666666666667,20.9,15.1,0.3635728227089069,10.3624,15.1,10.3624,47.6,31,0.6386897338173441,21.4768,31,21.4768,27.455555555555556
fbaa93f9-6961-407f-9042-5d033198e870,3,Saquon Barkley,New York Giants,RB,RB3,3.6,0.6,45791,23.18888888888889,0.3727798863393347,15.27688888888889,23.18888888888889,15.27688888888889,9.6,19.6,0.3112959112117246,11.817600000000002,19.6,11.817600000000002,34.2,30.4,0.5520202719769252,19.2256,30.4,19.2256,19.566666666666666
6f5ca433-e04e-47e9-aea3-f49aff710a42,4,Aaron Jones,Green Bay Packers,RB,RB4,10.2,6.2,11937,19.8,0.3648656427991883,13.007733333333334,19.8,13.007733333333334,19.1,14.5,0.31355393315782676,9.180000000000003,14.5,9.180000000000003,45.7,28,0.4710657930863692,16.3904,28,16.3904,30.77777777777778
53565b50-b52d-4c4f-bcf7-ee96476f4bbc,5,Derrick Henry,Tennessee Titans,RB,RB5,3.9,-1.1,10679,20.3,0.41243770275069513,12.948533333333334,20.3,12.948533333333334,13.8,12.5,0.35787086873869123,7.880000000000001,12.5,7.880000000000001,39.1,26.1,0.4794834365110655,15.9648,26.1,15.9648,27.566666666666666
c5897583-8409-4f22-a2af-e0eb91deaadd,6,Ezekiel Elliott,Dallas Cowboys,RB,RB6,9.1,3.1,10638,22.522222222222222,0.39181054378940106,15.087822222222222,22.522222222222222,15.087822222222222,11.9,16.3,0.36713218790466967,12.292000000000002,16.3,12.292000000000002,33.7,29.9,0.4243860354902996,17.2592,29.9,17.2592,22.27777777777778
30149020-3a70-47ce-a8e2-b52f0a5770fa,7,Alvin Kamara,New Orleans Saints,RB,RB7,5.2,-1.8,11822,25.444444444444443,0.4009848604017005,15.326577777777777,25.444444444444443,15.326577777777777,11.2,19.6,0.3618719859386886,9.100000000000001,19.6,9.100000000000001,54.7,42.8,0.4447297549767649,25.272799999999997,42.8,25.272799999999997,32.233333333333334
c806c4a0-893a-4797-8e71-78ee908bf72d,8,Jonathan Taylor,Indianapolis Colts,RB,RB8,7.3,-0.7,57488,16.655555555555555,0.263693219996209,10.680888888888889,16.655555555555555,10.680888888888889,8.4,11.1,0.18753117072161996,5.92,11.1,5.92,37.9,23.3,0.3763767230542535,14.420000000000002,23.3,14.420000000000002,19.133333333333333
1c94a675-56a9-457d-8c67-2d5d603ccc1a,9,Tyreek Hill,Kansas City Chiefs,WR,WR1,9.4,0.4,10799,21.344444444444445,0.3232720687985624,15.684177777777778,21.344444444444445,15.684177777777778,14.5,14.5,0.2759391678181009,9.863999999999999,14.5,9.863999999999999,35.7,34.9,0.43422499175096935,22.208799999999997,34.9,22.208799999999997,25.177777777777777
b6b12a45-ce72-4377-92be-c3aabdcc1184,10,Cam Akers,Los Angeles Rams,RB,RB9,11,1,57206,14.511111111111111,0.25060991732230037,9.224177777777777,14.511111111111111,9.224177777777777,3.8,8,0.12676998823151941,3.66,8,3.66,24.6,21.8,0.3717281379352229,15.602400000000001,21.8,15.602400000000001,13.033333333333333
60fa6a9f-f875-4f7f-9bdc-8528b10fa2ec,11,Davante Adams,Green Bay Packers,WR,WR2,15.4,4.4,8688,21.6,0.3536003072194804,14.32,21.6,14.32,17.2,16,0.3230756325983906,10.898399999999999,16,10.898399999999999,38.1,29.7,0.3809749148069911,16.270400000000002,29.7,16.270400000000002,27.08888888888889
e4241c8c-f93e-4cc0-9512-0ed95e81f98d,12,Travis Kelce,Kansas City Chiefs,TE,TE1,6.4,-5.6,7844,20.433333333333334,0.3054868096756927,13.278133333333333,20.433333333333334,13.278133333333333,11.5,15.8,0.27028885667471486,9.047999999999998,15.8,9.047999999999998,36.4,28,0.3800302775551132,18.5248,28,18.5248,22.77777777777778
bbdce1e0-d8ff-4fae-84e2-f5502af4ec88,13,A.J. Brown,Tennessee Titans,WR,WR3,16.4,3.4,48327,13.044444444444444,0.23324274250339028,9.972444444444445,13.044444444444444,9.972444444444445,6.3,8.8,0.20943299507134353,7.4159999999999995,8.8,7.4159999999999995,31.1,18.6,0.2729387846471705,13.531200000000002,18.6,13.531200000000002,18.788888888888888
bae7ce70-f464-4e36-a82b-9cd1ee544f03,14,Austin Ekeler,Los Angeles Chargers,RB,RB10,13.4,-0.6,12164,19.233333333333334,0.30642363519664384,13.501066666666667,19.233333333333334,13.501066666666667,9.3,13.6,0.2659826479570039,10.544799999999999,13.6,10.544799999999999,36.4,27.4,0.3462075004836722,19.9024,27.4,19.9024,20.744444444444444
85042f1d-6412-437d-a084-d8a81fcc2998,15,Antonio Gibson,Washington,RB,RB11,19.6,4.6,78050,14.066666666666666,0.24752878175081477,9.381866666666667,14.066666666666666,9.381866666666667,4.5,9,0.17168488534461673,5.2824,9,5.2824,34.1,21.8,0.38009302864053274,14.9792,21.8,14.9792,16.08888888888889
f74e006b-22ee-4c75-b49b-7d852608e0e4,16,Joe Mixon,Cincinnati Bengals,RB,RB12,15,-1,11803,22.01111111111111,0.364985988035077,14.788977777777777,22.01111111111111,14.788977777777777,12.4,16.9,0.33193376996227925,11.902399999999998,16.9,11.902399999999998,39.1,27,0.430285381309424,17.8424,27,17.8424,23.866666666666667
0c34def2-b7a8-4bd5-91d7-92fb7620707b,17,Stefon Diggs,Buffalo Bills,WR,WR4,14.5,-2.5,9579,18.81111111111111,0.30458659993867915,14.00471111111111,18.81111111111111,14.00471111111111,6.6,13.3,0.27385199391019055,7.7424,13.3,7.7424,40,25.7,0.3876055508734548,19.048,25.7,19.048,19.7
6b9c18b8-9ec6-44c4-9279-2b0330d834c6,18,D'Andre Swift,Detroit Lions,RB,RB13,24.7,6.7,57212,13.666666666666666,0.21348499479923064,8.9704,13.666666666666666,8.9704,9,9.1,0.1582876626871286,5.529599999999999,9.1,5.529599999999999,25.8,19.8,0.27617604630403875,12.4208,19.8,12.4208,16.122222222222224
89934e03-aeea-48ce-aedf-1921375c3309,19,Nick Chubb,Cleveland Browns,RB,RB14,13.2,-5.8,45783,19.03333333333333,0.32297298739387875,12.181333333333333,19.03333333333333,12.181333333333333,13.1,13.6,0.2827390672211376,9.2,13.6,9.2,37.8,23.4,0.37276823656766933,14.4448,23.4,14.4448,23.88888888888889
368809c5-5593-4e6f-b5f2-005d746110ed,20,Clyde Edwards-Helaire,Kansas City Chiefs,RB,RB15,22.6,2.6,57279,15.11111111111111,0.2329871240918197,10.990044444444445,15.11111111111111,10.990044444444445,9.5,11.2,0.1416624441982778,7.268,11.2,7.268,20.2,24.5,0.3311010248933692,15.1536,24.5,15.1536,14.366666666666667
0411beb7-13f8-4eef-8efb-b642b32bd87e,21,Darren Waller,Las Vegas Raiders,TE,TE2,26.5,5.5,9637,17.488888888888887,0.2728720125032359,13.207288888888888,17.488888888888887,13.207288888888888,10.7,13.6,0.21088414054607862,8.409600000000001,13.6,8.409600000000001,38.5,23.2,0.3383173747774624,18.204,23.2,18.204,21.955555555555556
6ab5e718-0bf1-452c-9751-7da35db5040d,22,DeAndre Hopkins,Arizona Cardinals,WR,WR5,19.1,-2.9,7808,17.522222222222222,0.33686929691053397,13.457155555555556,17.522222222222222,13.457155555555556,5.5,14.4,0.2942777060327782,10.985599999999998,14.4,10.985599999999998,34,20.7,0.40682009076056996,18.127200000000002,20.7,18.127200000000002,20.61111111111111
905c0101-703f-4135-8766-887191888ef6,23,Najee Harris,Pittsburgh Steelers,RB,RB16,20.4,-2.6,NA,18.832122687740398,0.31342305354515826,12.572713455774336,18.762979504403937,12.520018495324212,9.842804274466696,13.04763852674082,0.2566646216770992,8.460114791928156,12.917756718473171,8.412938881047994,34.590556681650966,26.586323840569875,0.41601632308483955,17.333629549775154,26.57816310827591,17.320145091170556,NA
2c4aba71-f79b-4bc5-a0b5-7bb011e82f4c,24,Miles Sanders,Philadelphia Eagles,RB,RB17,30.2,6.2,40555,17.155555555555555,0.28176595177138186,12.58248888888889,17.155555555555555,12.58248888888889,8.4,12.4,0.23672818613745333,8.744800000000001,12.4,8.744800000000001,32.2,22.6,0.3276223529744228,15.887200000000002,22.6,15.887200000000002,17.866666666666667
5bcf9b6e-f5e1-4e64-9601-960d07339eed,25,George Kittle,San Francisco 49ers,TE,TE3,22.2,-2.8,11901,17.1,0.29696190639192144,12.120533333333334,17.1,12.120533333333334,8.8,10.4,0.25114249248631065,8.6768,10.4,8.6768,32.6,24.3,0.37626629867925887,16.819200000000002,24.3,16.819200000000002,17.42222222222222
14752cac-ba74-489e-b329-d8c947d20bf0,26,Calvin Ridley,Atlanta Falcons,WR,WR6,25.5,-0.5,48262,19.077777777777776,0.2847531471253491,14.012977777777778,19.077777777777776,14.012977777777778,11.5,15.1,0.2459003611736524,10.1816,15.1,10.1816,29.4,25,0.36269459822057,19.8736,25,19.8736,19.844444444444445
63496c12-3ffd-47da-9171-91fa2f05f4b0,27,Keenan Allen,Los Angeles Chargers,WR,WR7,29.9,2.9,7857,21.488888888888887,0.35489221163537,16.848355555555557,21.488888888888887,16.848355555555557,8.8,13.6,0.3053852566469831,12.235199999999999,13.6,12.235199999999999,37.1,27.8,0.510104097934115,24.5168,27.8,24.5168,21.377777777777776
360668e9-73ae-42cb-b1e2-431a081127f9,28,Amari Cooper,Dallas Cowboys,WR,WR8,35.3,7.3,9437,16.677777777777777,0.25960774781647045,12.63271111111111,16.677777777777777,12.63271111111111,5.6,8.3,0.2236296219258337,6.179200000000001,8.3,6.179200000000001,34.1,22.8,0.32592957518008736,18.532,22.8,18.532,18.22222222222222
504b7e2e-b51f-4caa-b3fe-7036002edb61,29,Justin Jefferson,Minnesota Vikings,WR,WR9,22.6,-6.4,61398,15.655555555555555,0.2292848601258243,12.129155555555556,15.655555555555555,12.129155555555556,5.9,9.2,0.14976620193563048,8.105599999999999,9.2,8.105599999999999,33.1,22.4,0.3069079218689158,14.989600000000001,22.4,14.989600000000001,19.166666666666668
77e50362-0993-45c3-b62b-535603702815,30,D.K. Metcalf,Seattle Seahawks,WR,WR10,23.9,-6.1,47864,15.922222222222222,0.27963675337425437,10.634755555555556,15.922222222222222,10.634755555555556,5,9.3,0.19947244899403688,3.4480000000000004,9.3,3.4480000000000004,34.1,23.9,0.3661813967113726,16.9912,23.9,16.9912,19.833333333333336
df4e11c4-0680-4abe-8ebd-670e4e6b4dc8,31,Michael Thomas,New Orleans Saints,WR,WR11,30.8,-0.2,10681,21.755555555555556,0.3519018927668558,15.93688888888889,21.755555555555556,15.93688888888889,12.9,17.3,0.3087609389589802,11.460799999999999,17.3,11.460799999999999,32,26.3,0.38536740899468047,19.8792,26.3,19.8792,21.133333333333333
2d4a5363-902f-42a2-a736-15dfafff5174,32,Chris Carson,Seattle Seahawks,RB,RB18,35.1,3.1,12004,19.2,0.3617653745025367,12.7408,19.2,12.7408,12.3,15.2,0.3280455580660349,8.0992,15.2,8.0992,23.9,23.3,0.46060711358762346,16.2,23.3,16.2,19.244444444444444
52a430d1-8de7-4205-91a0-754467638584,33,CeeDee Lamb,Dallas Cowboys,WR,WR12,37.6,4.6,61570,12,0.18084067817134203,8.441066666666666,12,8.441066666666666,0.1,7,0.14803458957206325,4.8111999999999995,7,4.8111999999999995,22.7,16.7,0.25272588321642864,13.4744,16.7,13.4744,10.511111111111111
dde1f148-591b-402f-86b0-58f0081fc481,34,Allen Robinson,Chicago Bears,WR,WR13,33.3,-0.7,8696,18.144444444444446,0.3009279472789433,13.325244444444444,18.144444444444446,13.325244444444444,7.3,12.2,0.27011524917298046,10.1824,12.2,10.1824,25.3,22.9,0.3625724565459394,16.5496,22.9,16.5496,19
3c471463-ef3b-494c-8419-b7e7c543d78d,35,Terry McLaurin,Washington,WR,WR14,36,1,48229,14.566666666666666,0.27431870537955994,11.301599999999999,14.566666666666666,11.301599999999999,4.1,9.2,0.22897899548196962,6.909600000000001,9.2,6.909600000000001,22,18,0.3511799449961958,17.136,18,17.136,12.133333333333333
f13c9f2f-80e2-4e0e-96a1-5fababdf8210,36,Travis Etienne,Jacksonville Jaguars,RB,RB19,49.1,13.1,NA,15.954533716154982,0.2661911259691343,10.57044229203198,15.888558023370237,10.525966808588857,8.12852383053492,10.42487033424821,0.20578795431115726,6.686791254372927,10.31368258044633,6.6519049067908504,28.741137909568888,22.59504534556348,0.3493176680448785,14.413104999235594,22.638627499088614,14.458126512257905,NA
6efc7dfd-62b8-4b13-8270-da0b244cd65c,37,D.J. Moore,Carolina Panthers,WR,WR15,42.8,5.8,48267,18.211111111111112,0.2719115950877453,13.464977777777777,18.211111111111112,13.464977777777777,8.1,15.8,0.23283212964954325,10.164800000000001,15.8,10.164800000000001,18.3,24,0.3233787473870324,18.0096,24,18.0096,14.022222222222222
7593a29a-509b-48ca-83a2-94978d009776,38,Julio Jones,Atlanta Falcons,WR,WR16,39.8,1.8,6158,21.255555555555556,0.3338261885239849,15.98088888888889,21.255555555555556,15.98088888888889,2.8,12.8,0.2698167775444987,11.475200000000001,12.8,11.475200000000001,31.9,30.7,0.477144160627332,21.0232,30.7,21.0232,19.544444444444444
9f02af32-ee27-44e1-965f-fd987306e112,39,Josh Allen,Buffalo Bills,QB,QB1,42.4,3.4,46601,24.144444444444446,0,12.242444444444445,20.744444444444444,10.175777777777778,12.5,13.2,0,7.196999999999999,12.799999999999999,6.796999999999999,37.7,31.7,0,16.723,27.7,13.263000000000002,25.822222222222223
4c50397f-58e1-4192-a615-ca90203b75b3,40,Patrick Mahomes,Kansas City Chiefs,QB,QB2,32.3,-7.7,11765,22.68888888888889,0,12.77588888888889,21.122222222222224,11.209222222222223,19.3,17.9,0,9.588999999999999,16.599999999999998,8.288999999999998,33.3,31,0,16.1,30.4,14.900000000000002,24.6
3de753aa-b839-4e14-811c-6133a17e0275,41,David Montgomery,Chicago Bears,RB,RB20,37.4,-3.6,45719,19.977777777777778,0.32724933959034436,13.057777777777778,19.977777777777778,13.057777777777778,8.2,14.8,0.24699112467653975,8.5,14.8,8.5,28.7,24.9,0.4160394396941328,17.3776,24.9,17.3776,17.366666666666667
36110b72-0437-42d9-9120-02b959778259,42,Kenny Golladay,New York Giants,WR,WR17,54.3,12.3,11851,17.144444444444446,0.29913108136442634,12.293244444444444,17.144444444444446,12.293244444444444,8.8,15,0.224920265765786,9.1088,15,9.1088,27.3,20.4,0.3810613961204508,15.791999999999998,20.4,15.791999999999998,17.455555555555556
db872aff-d130-4e00-b36d-5872fa082678,43,Mike Evans,Tampa Bay Buccaneers,WR,WR18,41.6,-1.4,8642,20.877777777777776,0.3020151344607719,14.533244444444444,20.877777777777776,14.533244444444444,7.3,12.5,0.2463985403744706,9.916,12.5,9.916,41,29.5,0.39626548659252514,19.2192,29.5,19.2192,23.955555555555556
fa47f7f2-e829-4bdd-83f4-eae893b3b666,44,J.K. Dobbins,Baltimore Ravens,RB,RB21,29.2,-14.8,57366,9.911111111111111,0.17872293151120838,6.403644444444445,9.911111111111111,6.403644444444445,3.9,7.3,0.14391779730854,4.039999999999999,7.3,4.039999999999999,15.5,12.8,0.24149694009171202,10.037600000000001,12.8,10.037600000000001,10.844444444444445
0cf6bc46-b571-4372-aa57-32af7d67190f,45,Myles Gaskin,Miami Dolphins,RB,RB22,48.8,3.8,45914,16,0.2697106480388618,10.589066666666668,16,10.589066666666668,7.7,8.6,0.1377927614647282,6.8664000000000005,8.6,6.8664000000000005,31.4,22,0.45893432155621566,13.5424,22,13.5424,14.666666666666666
5838d251-c804-45ba-81a6-1fa393e87fb8,46,Robert Woods,Los Angeles Rams,WR,WR19,48.1,2.1,7822,17.877777777777776,0.2803125657159184,13.848177777777778,17.877777777777776,13.848177777777778,5.8,11.8,0.2584479184369696,10.8208,11.8,10.8208,28.7,23.7,0.32329554241618613,17.3504,23.7,17.3504,15.71111111111111
7ced4027-8866-4c00-8b48-d4dd3f87b3f6,47,Tyler Lockett,Seattle Seahawks,WR,WR20,50.8,3.8,9502,21.477777777777778,0.3168627495200599,14.316177777777778,21.477777777777778,14.316177777777778,8.2,12.8,0.24897976650366271,9.4016,12.8,9.4016,45.5,32.1,0.3893348426874574,22.0776,32.1,22.0776,26.233333333333334
5ecb7ab8-6764-42b7-ac6d-a6255d89f38a,48,Kyler Murray,Arizona Cardinals,QB,QB3,49.3,1.3,38334,21.91111111111111,0,12.969777777777777,19.655555555555555,10.714222222222222,3.8,8.6,0,4.46,8.6,4.46,39.9,28.9,0,18.262999999999998,25.4,14.363,21.61111111111111
8c1afe5c-73e5-4208-bee8-73ed04ecfd53,49,Dak Prescott,Dallas Cowboys,QB,QB4,55.8,6.8,10769,20.444444444444443,0,12.647555555555556,19.5,11.703111111111111,6.3,14.1,0,7,13.1,7,41.8,32.9,0,17.84,31.799999999999997,16.98,23.51111111111111
9037daa2-4919-42ef-878d-93107850b132,50,Chris Godwin,Tampa Bay Buccaneers,WR,WR21,46.7,-3.3,11839,16.822222222222223,0.2579373183886076,11.862222222222222,16.822222222222223,11.862222222222222,1.8,13.4,0.23043408186670256,8.8352,13.4,8.8352,35.2,21.7,0.30864012304452904,15.767199999999999,21.7,15.767199999999999,23.166666666666668
aeb3fea8-d146-450f-a64d-01b287464b0e,51,Brandon Aiyuk,San Francisco 49ers,WR,WR22,63.3,12.3,84109,15.866666666666667,0.2254505005080866,11.661066666666667,15.866666666666667,11.661066666666667,5.9,8.3,0.13755626527930048,5.3192,8.3,5.3192,19.1,20.7,0.2827225995739466,19.054399999999998,20.7,19.054399999999998,15.511111111111111
0adac6f8-a42a-4513-ac93-6dd8c5d9d4a2,52,Adam Thielen,Minnesota Vikings,WR,WR23,47.8,-4.2,8288,18.11111111111111,0.30389185345373854,13.255644444444444,18.11111111111111,13.255644444444444,10.7,12.4,0.2744837270994242,8.5984,12.4,8.5984,28.5,24.8,0.356950280614768,21.802400000000002,24.8,21.802400000000002,21.122222222222224
40646904-2ee6-4f26-bcc2-b589c210af73,53,Cooper Kupp,Los Angeles Rams,WR,WR24,57.6,4.6,11824,17.066666666666666,0.2626527331650765,13.564,17.066666666666666,13.564,6.5,12,0.2232428121476444,9.5712,12,9.5712,32.7,24.4,0.30888992808688004,22.017599999999998,24.4,22.017599999999998,20.366666666666667
31dd5346-10db-404e-ad43-2046d17e4a1f,54,Josh Jacobs,Las Vegas Raiders,RB,RB23,42.3,-11.7,45953,22.044444444444444,0.3498851712945802,12.641244444444444,22.044444444444444,12.641244444444444,12.9,17.2,0.3037330373735585,10.18,17.2,10.18,33.9,29.5,0.41611361171098865,15.342399999999998,29.5,15.342399999999998,21.96666666666667
637545ae-612a-45ae-9707-54f0380d580a,55,Chase Edmonds,Arizona Cardinals,RB,RB24,61.9,6.9,45851,11.28888888888889,0.21692288611275484,8.641688888888888,11.28888888888889,8.641688888888888,2.3,5.8,0.1382012947925752,3.7800000000000002,5.8,3.7800000000000002,34,17.6,0.4528992499885489,16.3424,17.6,16.3424,12.955555555555556
c3497052-67d1-481c-a91b-cdd4cd96183f,56,Diontae Johnson,Pittsburgh Steelers,WR,WR25,59.2,3.2,33441,17.622222222222224,0.2514092110907083,13.775555555555556,17.622222222222224,13.775555555555556,7.4,8.9,0.2158587580926118,7.147199999999999,8.9,7.147199999999999,24.5,25.8,0.2903258945387466,20.328,25.8,20.328,16.96666666666667
fd72ef9d-36c4-4fbf-b325-65ff41fa110d,57,Lamar Jackson,Baltimore Ravens,QB,QB5,54.6,-2.4,46416,20.944444444444443,0,12.356555555555556,16.377777777777776,9.123222222222223,8.9,13.8,0,10.2,2.9000000000000004,5.361000000000001,34.9,29.3,0,16.14,26.6,13.240000000000002,23.666666666666668
d73f17fd-4957-41c3-bea1-93302a4fc132,58,Kareem Hunt,Cleveland Browns,RB,RB25,51.5,-6.5,11841,15.977777777777778,0.2786684595828117,10.065244444444444,15.977777777777778,10.065244444444444,6.7,10,0.24908374544239018,5.300000000000001,10,5.300000000000001,34.6,22.1,0.3501630230806751,12.4912,22.1,12.4912,18.933333333333334
c1555be9-c783-4956-9878-110a7311e755,59,Mike Davis,Atlanta Falcons,RB,RB26,51.5,-7.5,9559,17.788888888888888,0.3203442331374782,11.485422222222223,17.788888888888888,11.485422222222223,6.4,10.5,0.2431853670037756,8.1648,10.5,8.1648,26.4,22.3,0.4420895047547836,15.8872,22.3,15.8872,16.633333333333333
933b67a2-84df-4059-bb30-4a46c794225c,60,Justin Herbert,Los Angeles Chargers,QB,QB6,66.1,6.1,28237,21.98888888888889,0,11.123555555555557,21.3,10.434666666666667,6.4,14.7,0,8.68,14.7,7.780000000000001,31,28.3,0,13.613000000000001,27.3,12.613000000000001,20.755555555555556
9cebd7f1-722b-492c-9913-b6ea58c692de,61,Russell Wilson,Seattle Seahawks,QB,QB7,70.4,9.4,7077,17.977777777777778,0,11.669444444444444,13.933333333333334,8.291666666666666,13,12.5,0,7.279999999999999,7,3.84,23.1,22.9,0,17.18,18.7,12.68,17.72222222222222
a5da55f2-db18-4855-ae9b-83e3e126ca03,62,Jalen Hurts,Philadelphia Eagles,QB,QB8,76.3,14.3,40291,11.066666666666666,0,7.127111111111111,7.233333333333333,5.293777777777778,-0.1,0.3,0,0.3,0.3,0.3,37.8,33,0,17.308,23.7,14.008,12.21111111111111
c27cc3b7-fecf-4fdc-8c93-6a841c99ba9d,63,Ja'Marr Chase,Cincinnati Bengals,WR,WR26,49.2,-13.8,NA,18.211455580252778,0.2965699740420563,13.22101141819666,18.19049881834807,13.19629392990951,7.95722566104426,12.702895379396761,0.24766306334698643,8.84495189582158,12.644330051412336,8.815394650275401,32.6565665064324,24.716093473096787,0.3818639586613649,18.463516483626847,24.636231808683142,18.372219964469615,NA
d0de1cfd-03f1-4c86-838c-d4d9676a21b5,64,Courtland Sutton,Denver Broncos,WR,WR27,66,2,48164,12.688888888888888,0.2614590126588448,9.245688888888889,12.688888888888888,9.245688888888889,3.2,10,0.20935421882792277,6.7128000000000005,10,6.7128000000000005,21.2,17.9,0.3610456610503334,13.1536,17.9,13.1536,11.822222222222223
7f0c4a8a-67e0-4824-a327-69ec705c4986,65,Tee Higgins,Cincinnati Bengals,WR,WR28,61.1,-3.9,61211,11.877777777777776,0.21039278152175797,9.093777777777778,11.877777777777776,9.093777777777778,4.1,7.5,0.17465614571312726,5.3111999999999995,7.5,5.3111999999999995,21,19.4,0.26081873420635004,11.7464,19.4,11.7464,11.966666666666667
52b3e3f7-5732-4e22-9e6f-5ba8e8ecfadf,66,Leonard Fournette,Tampa Bay Buccaneers,RB,RB27,90.2,24.2,11759,21.266666666666666,0.38660524957969883,14.4392,21.266666666666666,14.4392,7.9,9.4,0.35434053527226395,9.1624,9.4,9.1624,32.4,32.2,0.4501054724763863,20.593600000000002,32.2,20.593600000000002,17.677777777777777
0e9d70d6-2594-4274-be26-b2a61d9c993b,67,Will Fuller,Miami Dolphins,WR,WR29,73.5,6.5,10655,14.855555555555556,0.25638335300913384,10.842755555555556,14.855555555555556,10.842755555555556,8.6,9.9,0.2089629271364532,6.268000000000001,9.9,6.268000000000001,46.7,29.7,0.40162304391322023,17.316,29.7,17.316,20.355555555555558
3780664d-6a09-4e77-b692-a1451487d77d,68,T.J. Hockenson,Detroit Lions,TE,TE4,70,2,40912,11.933333333333334,0.19371055707545173,9.098133333333333,11.933333333333334,9.098133333333333,4.3,7.1,0.1773053238203117,6.869599999999999,7.1,6.869599999999999,22.1,16.2,0.22679605957617074,11.2168,16.2,11.2168,10.822222222222223
6fb6df57-9d4b-47ce-a4a4-13a06288a473,69,Javonte Williams,Denver Broncos,RB,RB28,65.5,-3.5,NA,16.398273360773477,0.27401485740291276,10.978006000319397,16.368004199075294,10.953876404367076,8.068628341001038,10.968678055350587,0.21839363190934474,7.174028948954527,10.909489829426478,7.151525365515037,30.086546603814163,23.318722210758594,0.3691457818184562,15.243803820751669,23.30576104310822,15.227320558565067,NA
92d5e34f-80bc-44ca-8d36-c37b3c3f67ab,70,Mark Andrews,Baltimore Ravens,TE,TE5,59.4,-10.6,47436,16.144444444444446,0.2664294624036014,9.749777777777778,16.144444444444446,9.749777777777778,3.7,13.4,0.21845311092295686,5.313599999999999,13.4,5.313599999999999,21.2,21.7,0.31178144120971196,13.5232,21.7,13.5232,13.166666666666666
db32bb24-2e66-41c0-9e11-6f755d462650,71,Kyle Pitts,Atlanta Falcons,TE,TE6,58.3,-12.7,NA,16.51491486675489,0.2617986730677761,11.432496359179833,16.46766958577711,11.393853124659973,7.7844679413295825,12.011627466856826,0.2222793749626558,7.353121977365658,11.917091100778377,7.316286338028238,32.49180429770843,24.339407748567716,0.3504128700650766,16.581787604423326,24.310498759964265,16.546279787934782,NA
ebe7d851-268f-4b75-969b-6c6f42a25b78,72,Odell Beckham,Cleveland Browns,WR,WR30,67.5,-4.5,8647,18.6,0.3081958063314785,12.783733333333334,18.6,12.783733333333334,10.6,10.8,0.2512261335173158,8.553600000000001,10.8,8.553600000000001,35.9,27.1,0.4438860834342041,18.1864,27.1,18.1864,20.855555555555554
5f96b621-5e34-4288-a8e1-4817ded3d144,73,D.J. Chark,Jacksonville Jaguars,WR,WR31,71.3,-1.7,47702,16.155555555555555,0.2750939581991992,12.116622222222222,16.155555555555555,12.116622222222222,2.8,11.1,0.2328877833363126,7.1464,11.1,7.1464,32.4,21.8,0.36888755021439473,18.344,21.8,18.344,17.133333333333333
7cc9efad-a461-4573-89fc-a7626807c17c,74,Tyler Boyd,Cincinnati Bengals,WR,WR32,80.5,6.5,10689,17.622222222222224,0.2683071129186424,13.596622222222223,17.622222222222224,13.596622222222223,9.8,14.4,0.24055745180164168,9.691199999999998,14.4,9.691199999999998,24.1,24.8,0.34719469036098394,17.148,24.8,17.148,18.5
6e5a0d73-9772-4a93-8a8f-7cb2db52b7d4,75,Chase Claypool,Pittsburgh Steelers,WR,WR33,68.2,-6.8,42312,14.577777777777778,0.21461797460624085,10.200177777777778,14.577777777777778,10.200177777777778,6.3,8.3,0.14311719405352674,4.978400000000001,8.3,4.978400000000001,39.1,22.6,0.3053737125660472,13.816,22.6,13.816,16.166666666666668
a689e9ea-4080-46a0-a5a1-36cbb54df10f,76,Curtis Samuel,Washington,WR,WR34,86.4,10.4,11795,15.044444444444444,0.23870319323530353,10.942311111111112,15.044444444444444,10.942311111111112,6.6,9.3,0.21923744971683007,6.496799999999999,9.3,6.496799999999999,22.3,17.4,0.27582568693382664,16.6512,17.4,16.6512,13.3
d7c779ea-3dfb-42fa-add0-3fbf8a7d53af,77,Zack Moss,Buffalo Bills,RB,RB29,101.4,24.4,40341,10.811111111111112,0.15984782035333728,6.1236444444444444,10.811111111111112,6.1236444444444444,4.3,6.6,0.10538077426767546,5.12,6.6,5.12,20.1,23,0.26936538767525975,7.1592,23,7.1592,9.988888888888889
baa5b181-f71c-4cb3-906e-2528cca6cfec,78,Robby Anderson,Carolina Panthers,WR,WR35,75.2,-2.8,11254,16.31111111111111,0.27191308017008514,11.99751111111111,16.31111111111111,11.99751111111111,7.3,11.8,0.23446167468508128,5.2232,11.8,5.2232,24.5,20,0.3151630443482761,16.653599999999997,20,16.653599999999997,15.722222222222221
0274af0f-be94-4e8e-a3b5-288a4cb3d2ab,79,JuJu Smith-Schuster,Pittsburgh Steelers,WR,WR36,77.4,-1.6,11817,18.711111111111112,0.2671681452680181,13.120711111111111,18.711111111111112,13.120711111111111,8,9.3,0.23299900654044278,6.477600000000001,9.3,6.477600000000001,31.4,28.7,0.3118782017359226,19.0824,28.7,19.0824,18.9
6a188950-2656-4aa6-95fe-1a725ecfaccb,80,Brandin Cooks,Houston Texans,WR,WR37,96.9,16.9,8655,16.6,0.28087409212898984,13.2296,16.6,13.2296,6.9,11.1,0.22562165768744336,9.553600000000001,11.1,9.553600000000001,34.1,28.5,0.3795237172978693,18.0168,28.5,18.0168,19.155555555555555
29698c73-8f0f-4b5e-93bf-93aff9671dff,81,Laviska Shenault,Jacksonville Jaguars,WR,WR38,87.4,6.4,NA,14.438258141533348,0.23465250810225805,10.598254493123598,14.422441079860764,10.584903677206487,5.700563649377257,9.267625916785615,0.18108148394500168,6.525532643519925,9.235068533669441,6.512479008398631,24.998682995486593,19.485535192983328,0.2946663577619143,14.644385233237735,19.472197190575734,14.628373588728874,NA
88befd90-e162-4570-a083-16c4908743a6,82,Melvin Gordon,Denver Broncos,RB,RB30,78,-4,9448,19.633333333333333,0.32434556663199277,11.6048,19.633333333333333,11.6048,9.9,17,0.2918473974594169,7.770399999999995,17,7.770399999999995,34,24.4,0.3616456262615436,14.680800000000001,24.4,14.680800000000001,23.11111111111111
f96dd68b-ad82-457d-9435-ca7943a1e292,83,A.J. Dillon,Green Bay Packers,RB,RB31,108.9,25.9,57165,3.522222222222222,0.054937695846507296,2.9726222222222223,3.522222222222222,2.9726222222222223,1.1,0.5,0.010451797771927559,0.5,0.5,0.5,25.4,13.9,0.23226102262356035,9.613600000000002,13.9,9.613600000000002,4.988888888888889
3c7c3ad9-3224-42f6-8dc1-e8b348452438,84,Aaron Rodgers,Green Bay Packers,QB,QB9,90.3,6.3,2241,19.81111111111111,0,9.70288888888889,16.866666666666667,8.758444444444445,18.3,16.1,0,7.942999999999998,8.000000000000002,6.540000000000001,30.9,26.3,0,11.82,26.3,11.3,25.044444444444444
5047e897-fbda-4621-b190-d560ee677114,85,Michael Gallup,Dallas Cowboys,WR,WR39,91.7,6.7,26075,14.255555555555555,0.21781545956515427,11.708355555555556,14.255555555555555,11.708355555555556,7.1,10.7,0.18910302943053148,8.368,10.7,8.368,27.1,18,0.24311368717510992,15.772,18,15.772,15.477777777777778
3af45b40-7114-4add-b09d-039d7151366f,86,Jerry Jeudy,Denver Broncos,WR,WR40,82,-4,61103,13.877777777777778,0.21068181177507433,11.311377777777777,13.877777777777778,11.311377777777777,4.2,9.7,0.14346183767219117,5.961600000000001,9.7,5.961600000000001,22,21.4,0.28864258055348324,18.7504,21.4,18.7504,9.155555555555555
09c9a0d8-65f7-4134-93da-ea7dcc245e25,87,Deebo Samuel,San Francisco 49ers,WR,WR41,81.3,-5.7,48274,11.988888888888889,0.20802962514567044,9.759822222222223,11.988888888888889,9.759822222222223,3.2,8.3,0.1722123182848815,5.758400000000001,8.3,5.758400000000001,22,15.4,0.25188447920693624,14.248000000000001,15.4,14.248000000000001,13.555555555555555
7a2d60e5-2357-407d-9f40-32a78c1e0c99,88,Dallas Goedert,Philadelphia Eagles,TE,TE7,86,-2,47272,11.511111111111111,0.19821333890282838,8.32391111111111,11.511111111111111,8.32391111111111,5.9,8.7,0.1574037160178924,3.8039999999999994,8.7,3.8039999999999994,20.1,17.4,0.2764301367312422,12.235199999999999,17.4,12.235199999999999,13.422222222222222
311dcd8d-7daa-4440-b53a-64a1b5762fc4,89,Logan Thomas,Washington,TE,TE8,97.3,8.3,8755,13.933333333333334,0.2079624166128737,9.952533333333333,13.933333333333334,9.952533333333333,4.6,8.7,0.1275009232825479,3.6511999999999993,8.7,3.6511999999999993,20.3,23.4,0.2751898692495313,19.022399999999998,23.4,19.022399999999998,10.622222222222222
ac230634-ea40-4400-9f1a-12f53c53965b,90,Trey Sermon,San Francisco 49ers,RB,RB32,82.1,-7.9,NA,15.834683323550998,0.26504909588603803,10.637938476176064,15.824115925656617,10.626812920956015,7.5619404990656465,10.528465706177013,0.21093869597870865,6.939416953444087,10.501871822825798,6.926847405461195,29.174660577873304,22.594052001274594,0.3611133397744027,14.872312719055012,22.565622639064742,14.839620051091853,NA
05833ac2-6a8b-4b02-8467-1c2faaa4c251,91,Matthew Stafford,Los Angeles Rams,QB,QB10,100.3,9.3,4924,14.877777777777778,0,9.455111111111112,14.477777777777778,9.055111111111112,0.7,0.8,0,0.8,0.8,0.8,27.1,22.2,0,13.299999999999999,22.2,13.299999999999999,15.244444444444445
e943bb1c-241b-4205-ad53-531ee244db9c,92,Robert Tonyan,Green Bay Packers,TE,TE9,115.6,23.6,12193,8.944444444444445,0.1435757046601675,5.4052444444444445,8.944444444444445,5.4052444444444445,9.3,7.6,0.11868976494429076,2.6432,7.6,2.6432,30.8,13.6,0.19478458543538366,8.0968,13.6,8.0968,13.955555555555556
fcf76717-bde4-46bd-8371-870bdddf5b7d,93,Jaylen Waddle,Miami Dolphins,WR,WR42,94.2,1.2,NA,14.484825648559617,0.23560532735004253,10.66512140305995,14.481582908589427,10.65917677976178,5.615201358093443,9.35868242923883,0.18356527934742162,6.628801644986562,9.344966625411338,6.620529559895966,25.24800942635909,19.58786792363842,0.29907447092029144,14.824317677321702,19.55675231314754,14.789052104979923,NA
2e3dd7dc-d67e-4e3c-822e-c6d3fdf4a4f8,94,Devonta Smith,Philadelphia Eagles,WR,WR43,82.3,-11.7,NA,16.19977795691038,0.26388909069151467,11.883102486568482,16.203692537306136,11.877660449075256,6.55582991352603,10.956596046351383,0.2150757383894089,7.739070145327358,10.945454129607743,7.727041879011123,28.844882534661803,21.993583101978658,0.34120949727663724,16.659903939062787,21.91949425304633,16.57665530531498,NA
6e2ad5f8-4a54-419f-a54c-408663bb2ded,95,Michael Carter,New York Jets,RB,RB33,95.8,0.8,NA,14.362617551528157,0.24086155330054246,9.608994121348715,14.351964095965968,9.601054369007954,6.700266145119226,9.180186301364834,0.18468769306682364,6.022172825522417,9.160568144806387,6.015217017473151,26.16141486542139,20.54716360975311,0.3265429283193606,13.3603515317282,20.547493534849863,13.360062631746166,NA
39437c6a-f973-47f9-b62a-00a07aeb926d,96,Damien Harris,New England Patriots,RB,RB34,90.8,-5.2,35134,9.455555555555556,0.18083662900010433,7.024888888888889,9.455555555555556,7.024888888888889,4.7,6,0.10120105943051928,5.400000000000001,6,5.400000000000001,16.2,12.3,0.23899431193537596,9.879999999999999,12.3,9.879999999999999,9.444444444444445
3e20d7a1-ae60-4dc3-a02a-9dfed27a788b,97,Tony Pollard,Dallas Cowboys,RB,RB35,107.3,10.3,27126,9.733333333333334,0.16816201250962212,7.526133333333333,9.733333333333334,7.526133333333333,2.5,5,0.11742688117863648,4.4744,5,4.4744,28.2,21.5,0.3930622142529112,12.8456,21.5,12.8456,11.455555555555556
2270fcf3-9974-4e73-8834-56d8b117e171,98,Ronald Jones,Tampa Bay Buccaneers,RB,RB36,94,-4,34001,15.933333333333334,0.23827194522181733,11.541066666666667,15.933333333333334,11.541066666666667,8.3,11.5,0.1921470342522974,8.2216,11.5,8.2216,26.3,19.8,0.32974021511663565,17.412,19.8,17.412,16.48888888888889
fc279b8e-cc78-4d47-8dc9-8ea9257e66db,99,Marquise Brown,Baltimore Ravens,WR,WR44,96.4,-2.6,61568,14.477777777777778,0.24652649134141075,10.157777777777778,14.477777777777778,10.157777777777778,10.6,8.9,0.1804467428280239,5.6103999999999985,8.9,5.6103999999999985,18.7,20.9,0.31487379436481366,14.2848,20.9,14.2848,15.4
5cde7aea-f9ae-407b-b90c-685ec16f5c3e,100,Jarvis Landry,Cleveland Browns,WR,WR45,93.8,-6.2,8698,19.31111111111111,0.3131649074091337,12.518577777777777,19.31111111111111,12.518577777777777,7.2,15.5,0.26746883295171675,8.000800000000002,15.5,8.000800000000002,31.8,26.1,0.4156350106727427,18.4392,26.1,18.4392,16.055555555555557
0c453993-12a1-4019-ac33-b56206e18271,101,Joe Burrow,Cincinnati Bengals,QB,QB11,93.9,-7.1,28022,23.255555555555556,0,11.955333333333334,22.5,11.199777777777777,7.3,11.2,0,8.940000000000001,10.399999999999999,8.740000000000002,36.6,38.7,0,18.175000000000004,37.3,15.675000000000004,18.81111111111111
6bc6c20f-a7bd-4378-89a9-1d463ec584ad,102,Michael Pittman,Indianapolis Colts,WR,WR46,103.6,1.6,NA,13.929568800014568,0.22659169936840437,10.297087787408515,13.933649527607521,10.296737335317369,5.224284644223886,8.878440056630485,0.17463093762158863,6.326268115930937,8.878509222145274,6.3230152121894,24.20153801464937,18.837780088872126,0.2879740552983896,14.331308844634153,18.807642605131754,14.297599711971625,NA
ef041929-c098-4f3f-b39a-ecdb2021d215,103,Ryan Tannehill,Tennessee Titans,QB,QB12,119,16,7014,16.91111111111111,0,8.380888888888888,14.61111111111111,7.414222222222222,10.2,10.6,0,5.66,10.3,5.66,37,27.5,0,12.460999999999999,26,12.460999999999999,20.866666666666667
90d47fb6-e92d-4d43-9622-031a4ae937d0,104,Jalen Reagor,Philadelphia Eagles,WR,WR47,123.1,19.1,61697,8.877777777777778,0.14772668812365297,6.483377777777778,8.877777777777778,6.483377777777778,2.6,4.5,0.06362458216323014,4.232,4.5,4.232,9.7,12.3,0.238539425173916,9.184800000000001,12.3,9.184800000000001,6.3
59f5aacb-f39e-4e21-a8c6-6a61ca66d54d,105,Trevor Lawrence,Jacksonville Jaguars,QB,QB13,112.5,7.5,NA,18.344810686103763,-0.0061020699371066855,10.233476644639712,16.58466843948772,9.011104720232535,7.784120708353694,9.584660210745222,-0.007661617210139388,5.612840734337215,8.184719598781848,4.90579161229912,30.88619603022531,27.59605598985582,-0.010904706782206924,15.05649122282782,25.5872404643879,13.231830299245694,NA
7429c757-08bf-4277-a9e3-a2ca092235c1,106,Mike Williams,Los Angeles Chargers,WR,WR48,108.6,2.6,11762,14.022222222222222,0.23878794063516667,9.074222222222222,14.022222222222222,9.074222222222222,7.4,10.6,0.21989126121445432,6.524800000000001,10.6,6.524800000000001,31,17.9,0.2626407218716922,12.3128,17.9,12.3128,16.57777777777778
920b154e-e539-427b-876e-4b0ae9251312,107,David Johnson,Houston Texans,RB,RB37,122.2,15.2,9519,18.744444444444444,0.3658693411556332,12.742844444444444,18.744444444444444,12.742844444444444,8.9,11.5,0.3366915601200794,9.1056,11.5,9.1056,33.8,25.2,0.4043506850053608,16.8344,25.2,16.8344,18.844444444444445
19efa358-2457-45d5-b8fa-fee14fd47077,108,Kenyan Drake,Las Vegas Raiders,RB,RB38,115.3,7.3,10707,16.81111111111111,0.30758508293012526,10.479911111111111,16.81111111111111,10.479911111111111,8.8,10.3,0.2695041176566015,7.659999999999998,10.3,7.659999999999998,38.6,26,0.3541274232190455,13.5824,26,13.5824,23.1
2a6c1072-0362-4843-8207-a476abf1a745,109,Cole Beasley,Buffalo Bills,WR,WR49,122,13,7330,13.622222222222222,0.24953541173851887,10.710222222222223,13.622222222222222,10.710222222222223,7.6,10.1,0.2124813758242354,7.9232000000000005,10.1,7.9232000000000005,26.6,16.8,0.3255864432006698,15.1176,16.8,15.1176,15.177777777777777
dafcd557-143c-4644-ab5e-ea2eef35611d,110,Noah Fant,Denver Broncos,TE,TE10,91,-19,42388,11.033333333333333,0.19826035097426178,8.594666666666667,11.033333333333333,8.594666666666667,1.2,5.3,0.1399877370742323,4.666399999999999,5.3,4.666399999999999,19,22.1,0.30726477025874993,12.4808,22.1,12.4808,8.566666666666666
5efb72e7-06f8-4d00-a7dd-885cf0d982fc,111,Mike Gesicki,Miami Dolphins,TE,TE11,115.8,4.8,47153,13.655555555555555,0.1864397021483355,8.708355555555555,13.655555555555555,8.708355555555555,1.1,10.5,0.1542784223783669,3.9912,10.5,3.9912,23.2,18.3,0.21400416051263166,12.424800000000001,18.3,12.424800000000001,13.766666666666667
16aaff8f-88c8-4043-867d-fc80eaad3aca,112,Darnell Mooney,Chicago Bears,WR,WR50,129.8,17.8,48236,12.122222222222222,0.17960548567614049,9.319022222222221,12.122222222222222,9.319022222222221,4.9,6,0.12050549645653587,3.8112,6,3.8112,15.4,18.3,0.2481569263039019,14.9016,18.3,14.9016,9.633333333333333
f11408d9-973c-450b-8a13-2657443ae5ee,113,Corey Davis,New York Jets,WR,WR51,114.5,1.5,11760,17.9,0.2752067919782832,13.2408,17.9,13.2408,6.4,9.9,0.2343654944845987,9.324,9.9,9.324,29.7,25,0.3364050251913539,20.5072,25,20.5072,16.244444444444444
e75b647c-f420-49c3-b8e6-4bb62f375559,114,Gus Edwards,Baltimore Ravens,RB,RB39,118.6,4.6,46027,12.077777777777778,0.2059615867896358,7.142311111111111,12.077777777777778,7.142311111111111,5.6,9.5,0.17638291104196901,3.4399999999999995,9.5,3.4399999999999995,16.4,15.9,0.2591090719638432,10.3472,15.9,10.3472,10.877777777777778
407494db-d38d-4941-beef-18873c363973,115,James Conner,Arizona Cardinals,RB,RB40,106.1,-8.9,11860,20.555555555555557,0.332346022163387,13.797155555555555,20.555555555555557,13.797155555555555,7.7,11.5,0.2761514690807908,7.995999999999999,11.5,7.995999999999999,35.7,27.3,0.4751789161757239,18.7672,27.3,18.7672,25.7
fc037120-1ec1-49c7-95cb-2e04f08bdf00,116,Matt Ryan,Atlanta Falcons,QB,QB14,103.2,-12.8,4317,20.033333333333335,0,10.82788888888889,18.644444444444446,10.105666666666666,7.3,15.3,0,8.180000000000001,11.4,7.6800000000000015,27.8,27.9,0,15.239999999999998,27.9,13.639999999999997,18.01111111111111
084e69f7-0dab-4815-b7bb-96fcf72b5bea,117,Tom Brady,Tampa Bay Buccaneers,QB,QB15,104.9,-12.1,698,20.533333333333335,0,10.491111111111111,20.511111111111113,10.46888888888889,14.6,11,0,6.44,11,6.44,31.3,30.7,0,13.04,30.5,13.04,22.644444444444446
dbe91621-495b-4f2a-8ccd-2c173402c7f6,118,Denzel Mims,New York Jets,WR,WR52,144.4,26.4,47800,6.822222222222222,0.14380603276509385,5.503822222222222,6.822222222222222,5.503822222222222,0,0.9,0.014836633824953437,0.9,0.9,0.9,8.7,11.9,0.27731123215135955,10.4024,11.9,10.4024,5.2444444444444445
dbe91621-495b-4f2a-8ccd-2c173402c7f6,118,Denzel Mims,New York Jets,WR,WR52,144.4,26.4,47800,6.822222222222222,0.14380603276509385,5.503822222222222,6.822222222222222,5.503822222222222,0,0.9,0.014836633824953437,0.9,0.9,0.9,8.7,11.9,0.2510231831511552,10.4024,11.9,10.4024,5.2444444444444445
dbe91621-495b-4f2a-8ccd-2c173402c7f6,118,Denzel Mims,New York Jets,WR,WR52,144.4,26.4,47800,6.822222222222222,0.14380603276509385,5.503822222222222,6.822222222222222,5.503822222222222,0,0.9,0.014836633824953437,0.9,0.9,0.9,8.7,11.6,0.24821350469765457,9.238399999999999,11.6,9.238399999999999,5.2444444444444445
dbe91621-495b-4f2a-8ccd-2c173402c7f6,118,Denzel Mims,New York Jets,WR,WR52,144.4,26.4,47800,6.822222222222222,0.14380603276509385,5.503822222222222,6.822222222222222,5.503822222222222,0,0.9,0.014836633824953437,0.9,0.9,0.9,8.6,11.1,0.20817353045428713,8.6808,11.1,8.6808,5.2444444444444445
dbe91621-495b-4f2a-8ccd-2c173402c7f6,118,Denzel Mims,New York Jets,WR,WR52,144.4,26.4,47800,6.822222222222222,0.14380603276509385,5.503822222222222,6.822222222222222,5.503822222222222,0,0.9,0.014836633824953437,0.9,0.9,0.9,5.2,5,0.09830395950059759,4.3664000000000005,5,4.3664000000000005,5.2444444444444445
dbe91621-495b-4f2a-8ccd-2c173402c7f6,118,Denzel Mims,New York Jets,WR,WR52,144.4,26.4,47800,6.822222222222222,0.14380603276509385,5.503822222222222,6.822222222222222,5.503822222222222,0,0.9,0.014836633824953437,0.9,0.9,0.9,5,5,0.08443986142405462,4.3664000000000005,5,4.3664000000000005,5.2444444444444445
dbe91621-495b-4f2a-8ccd-2c173402c7f6,118,Denzel Mims,New York Jets,WR,WR52,144.4,26.4,47800,6.822222222222222,0.14380603276509385,5.503822222222222,6.822222222222222,5.503822222222222,0,0.9,0.014836633824953437,0.9,0.9,0.9,3.3,3.8,0.0674992521793377,3.8,3.8,3.8,5.2444444444444445
dbe91621-495b-4f2a-8ccd-2c173402c7f6,118,Denzel Mims,New York Jets,WR,WR52,144.4,26.4,47800,6.822222222222222,0.14380603276509385,5.503822222222222,6.822222222222222,5.503822222222222,0,0.9,0.014836633824953437,0.9,0.9,0.9,2,2.2,0.04445313750244492,2.0272,2.2,2.0272,5.2444444444444445
dbe91621-495b-4f2a-8ccd-2c173402c7f6,118,Denzel Mims,New York Jets,WR,WR52,144.4,26.4,47800,6.822222222222222,0.14380603276509385,5.503822222222222,6.822222222222222,5.503822222222222,0,0.9,0.014836633824953437,0.9,0.9,0.9,2,0.9,0.014836633824953437,0.9,0.9,0.9,5.2444444444444445
e849512a-30ae-4de1-b705-177056ca3f9d,119,Tyler Higbee,Los Angeles Rams,TE,TE12,109,-10,10744,14.011111111111111,0.20259242008865977,8.947644444444444,14.011111111111111,8.947644444444444,4.5,8.4,0.12849568954070784,3.7008,8.4,3.7008,25.9,20,0.25233085279274653,15.6632,20,15.6632,15.644444444444444
faa5ea47-862d-4209-83f4-067684f3f9ba,120,Gabriel Davis,Buffalo Bills,WR,WR53,131.1,11.1,55410,9.61111111111111,0.1436413866017786,5.604711111111111,9.61111111111111,5.604711111111111,0,4.4,0.0918765663388483,2.1536000000000004,4.4,2.1536000000000004,15.4,14.1,0.1961628324020932,11.2776,14.1,11.2776,8.411111111111111
d18266d5-a877-413b-87ff-32fcb3ecd124,121,Antonio Brown,Tampa Bay Buccaneers,WR,WR54,106.1,-14.9,5718,21.366666666666667,0.28733941525180545,15.2024,21.366666666666667,15.2024,11.2,16.4,0.23141435995806658,10.3936,16.4,10.3936,37.5,30.6,0.38226271042250526,20.452800000000003,30.6,20.452800000000003,22.1
8f8ec083-68c9-4814-bcf7-9e3864384157,122,DeVante Parker,Miami Dolphins,WR,WR55,116.3,-5.7,9447,15.688888888888888,0.2376494416291203,12.53368888888889,15.688888888888888,12.53368888888889,6.8,12.7,0.21896868851204052,7.5120000000000005,12.7,7.5120000000000005,21.2,20.8,0.28179433793133707,17.5168,20.8,17.5168,14.911111111111111
4ac48c79-fa45-4ad5-bd56-5632d3d26833,123,Nelson Agholor,New England Patriots,WR,WR56,139.2,16.2,9453,15.811111111111112,0.22183146194332282,10.684177777777778,15.811111111111112,10.684177777777778,4.7,13.5,0.1946194304281171,8.5464,13.5,8.5464,21,18.3,0.24468665531042924,12.426400000000001,18.3,12.426400000000001,14.744444444444444
f7606eb2-202f-478e-a88f-0a4e84f2086b,124,Josh Reynolds,Tennessee Titans,WR,WR57,156.6,32.6,11872,13.377777777777778,0.20485900473979385,8.979644444444444,13.377777777777778,8.979644444444444,4.3,7.6,0.16351467474128084,4.7976,7.6,4.7976,19.5,17.9,0.268538455192094,11.732800000000001,17.9,11.732800000000001,12.177777777777777
12b00629-de37-472b-84a7-3faef5812d0b,125,Marvin Jones,Jacksonville Jaguars,WR,WR58,119.1,-5.9,NA,13.680268898308777,0.22283739409802802,10.185360984478976,13.707241585483954,10.199228409163034,4.873152425774128,8.738301689885413,0.17319780956501798,6.306224316559707,8.774285278345426,6.312958092184191,23.97184389568256,18.559608006162108,0.2881587447720181,14.315955298387808,18.50360637536413,14.254519312037703,NA
07455eef-4ece-4b18-a510-9af92edc72eb,126,Parris Campbell,Indianapolis Colts,WR,WR59,163.8,37.8,47940,6.5375,0.09446709545258217,5.1398,6.5375,5.1398,0.7,0.5,0.008347420997503453,0.5,0.5,0.5,11,13.5,0.16530301880046333,11.5904,13.5,11.5904,5.35
07455eef-4ece-4b18-a510-9af92edc72eb,126,Parris Campbell,Indianapolis Colts,WR,WR59,163.8,37.8,47940,6.5375,0.09446709545258217,5.1398,6.5375,5.1398,0.7,0.5,0.008347420997503453,0.5,0.5,0.5,11,12.8,0.15900012769697758,11.5904,12.8,11.5904,5.35
07455eef-4ece-4b18-a510-9af92edc72eb,126,Parris Campbell,Indianapolis Colts,WR,WR59,163.8,37.8,47940,6.5375,0.09446709545258217,5.1398,6.5375,5.1398,0.7,0.5,0.008347420997503453,0.5,0.5,0.5,10.5,8.7,0.14708208183785462,6.9399999999999995,8.7,6.9399999999999995,5.35
07455eef-4ece-4b18-a510-9af92edc72eb,126,Parris Campbell,Indianapolis Colts,WR,WR59,163.8,37.8,47940,6.5375,0.09446709545258217,5.1398,6.5375,5.1398,0.7,0.5,0.008347420997503453,0.5,0.5,0.5,7.7,8.7,0.13156048273926463,5.935199999999999,8.7,5.935199999999999,5.35
07455eef-4ece-4b18-a510-9af92edc72eb,126,Parris Campbell,Indianapolis Colts,WR,WR59,163.8,37.8,47940,6.5375,0.09446709545258217,5.1398,6.5375,5.1398,0.7,0.5,0.008347420997503453,0.5,0.5,0.5,7.7,3.5,0.053431133680421974,3.5,3.5,3.5,5.35
07455eef-4ece-4b18-a510-9af92edc72eb,126,Parris Campbell,Indianapolis Colts,WR,WR59,163.8,37.8,47940,6.5375,0.09446709545258217,5.1398,6.5375,5.1398,0.7,0.5,0.008347420997503453,0.5,0.5,0.5,3.9,3.5,0.05104198567907716,3.5,3.5,3.5,5.35
07455eef-4ece-4b18-a510-9af92edc72eb,126,Parris Campbell,Indianapolis Colts,WR,WR59,163.8,37.8,47940,6.5375,0.09446709545258217,5.1398,6.5375,5.1398,0.7,0.5,0.008347420997503453,0.5,0.5,0.5,1.3,2.3,0.03997051218909458,1.2607999999999997,2.3,1.2607999999999997,5.35
07455eef-4ece-4b18-a510-9af92edc72eb,126,Parris Campbell,Indianapolis Colts,WR,WR59,163.8,37.8,47940,6.5375,0.09446709545258217,5.1398,6.5375,5.1398,0.7,0.5,0.008347420997503453,0.5,0.5,0.5,0.7,0.5,0.008347420997503453,0.5,0.5,0.5,5.35
8843ab77-af01-4599-8495-ddbf678ecb3e,127,Jamaal Williams,Detroit Lions,RB,RB41,159.1,32.1,11889,14.833333333333334,0.2283309368383421,10.6272,14.833333333333334,10.6272,8.6,10.1,0.17855564394943868,4.853599999999999,10.1,4.853599999999999,24.6,20.9,0.32876553731771996,13.187199999999999,20.9,13.187199999999999,16.044444444444444
dffa57e5-0ff4-46ef-8ea9-fc9079cd844a,128,Mecole Hardman,Kansas City Chiefs,WR,WR60,124.8,-3.2,42683,9.222222222222221,0.136609161247135,7.370755555555555,9.222222222222221,7.370755555555555,3.8,5.5,0.09840399455808019,3.6687999999999996,5.5,3.6687999999999996,19.1,15.6,0.19059264048510227,11.387999999999998,15.6,11.387999999999998,10.88888888888889
dfdeb0bf-da83-41e7-9ef4-873e97e9e8e7,129,Evan Engram,New York Giants,TE,TE13,129.1,0.1,11778,13.377777777777778,0.22119686125680857,10.822577777777777,13.377777777777778,10.822577777777777,5.2,8.1,0.17859089321927327,7.1008000000000004,8.1,7.1008000000000004,23.1,20.2,0.27839014421712005,15.5344,20.2,15.5344,11.3
540cd12b-2270-4051-bba2-50d5a14ba02e,130,Anthony Firkser,Tennessee Titans,TE,TE14,150.3,20.3,51837,7.011111111111111,0.14031745799338521,5.0719111111111115,7.011111111111111,5.0719111111111115,3.4,2.6,0.09365049634763063,2.6,2.6,2.6,21.3,14.2,0.19506871776386409,9.4192,14.2,9.4192,8.177777777777777
e3ccb789-e3bb-450c-963c-755622d0c1b1,131,Carson Wentz,Indianapolis Colts,QB,QB16,153.7,22.7,10636,19.077777777777776,0,11.199444444444444,17.755555555555556,9.87722222222222,5,6.6,0,6.46,5.1,4.96,28.8,30.3,0,14.079999999999998,29.8,12.879999999999999,17.38888888888889
631468e7-df01-4856-86b2-143736e9e9d6,132,Kirk Cousins,Minnesota Vikings,QB,QB17,133.7,1.7,7102,19.622222222222224,0,10.250555555555556,18.644444444444446,9.272777777777778,17.1,14,0,5.76,14,5.76,34.3,24.2,0,13.165999999999999,23.7,11.165999999999999,23.366666666666667
408a5c7a-0a4c-411f-8c21-f5892b4eaa61,133,Rashod Bateman,Baltimore Ravens,WR,WR61,125.9,-7.1,NA,13.400209960671999,0.21834454115943155,10.00950095334312,13.434454718032276,10.028326675575554,4.643927489820149,8.509855927083047,0.16916213205903385,6.174767999315906,8.558218067406463,6.185444864729619,23.487862260676955,18.19197756281963,0.28350336258793957,14.104893553583043,18.131668151681488,14.03905408214795,NA
3fc1a6a5-4d56-4207-8c69-98df195d1a05,134,Breshad Perriman,Detroit Lions,WR,WR62,152.1,18.1,9459,11.955555555555556,0.21986642013867977,9.171022222222222,11.955555555555556,9.171022222222222,0.6,7.9,0.1596271755769613,6.4232000000000005,7.9,6.4232000000000005,32.1,16.8,0.3053363782269342,14.8992,16.8,14.8992,13.88888888888889
f864ceec-5828-4598-9544-d61e456c6ccd,135,Tre'Quan Smith,New Orleans Saints,WR,WR63,172.3,37.3,48228,10.377777777777778,0.16283419435242735,7.190311111111111,10.377777777777778,7.190311111111111,5.9,7.5,0.13094977581398382,3.4072000000000005,7.5,3.4072000000000005,26.7,21,0.27552047786271683,15.0672,21,15.0672,12.522222222222222
92f83b60-b243-427b-90a5-8ad667f5069e,136,Rondale Moore,Arizona Cardinals,WR,WR64,136.6,0.6,NA,12.176586184095374,0.19822130835340357,9.150949266191557,12.209563948992205,9.171709266970677,3.938388089403783,7.384524052281398,0.14718431474711988,5.405267221449905,7.436871951120452,5.420138816100204,20.968520353563257,16.48697087459537,0.2544522503156358,12.835545620009908,16.452171013835653,12.798374520101577,NA
72f79076-e3f9-4f67-9960-c250cf87b151,137,Amari Rodgers,Green Bay Packers,WR,WR65,197.8,60.8,NA,3.858436352595403,0.06112495059777484,3.2598057819371515,3.862747784726073,3.2817403231491973,-0.6781982770774793,-0.342653198726385,-0.004857426930908348,0.055785959145419284,-0.2936170699154488,0.09126269261268583,3.5964674691764102,4.836450546056149,0.051676768330342626,3.9958430639920266,5.0019701046754985,4.182635957094652,NA
c7f9dc86-807d-4c6a-8ec2-2b6db622cc3a,138,Jeff Wilson,San Francisco 49ers,RB,RB42,146.5,8.5,29413,15.88888888888889,0.2512791941970823,10.185422222222222,15.88888888888889,10.185422222222222,6.9,12.7,0.1674896828634127,5.992799999999999,12.7,5.992799999999999,31,22.4,0.344032117855574,15.04,22.4,15.04,17.544444444444444
84c117bd-6764-488f-a3ae-3cbd99dfb6c2,139,Daniel Jones,New York Giants,QB,QB18,158.4,19.4,39395,14.966666666666667,0,10.164777777777777,14.022222222222222,9.220333333333333,5.1,6.3,0,5.54,6.3,5.54,23.7,20.8,0,13.68,20.5,13.379999999999999,15.522222222222222
838c967c-5998-4de3-822a-7d8662daadc4,140,Ryan Fitzpatrick,Washington,QB,QB19,153.1,13.1,2467,17.166666666666668,0,9.175,15.011111111111111,7.686111111111112,4.3,7.4,0,3.4000000000000004,7.4,3.4000000000000004,27.6,28.9,0,16.172,27.7,11.872,17.18888888888889
ad0cba30-b012-4a44-b680-c965acc342d6,141,Tua Tagovailoa,Miami Dolphins,QB,QB20,136.2,-4.8,60326,17.98888888888889,0,9.71788888888889,16.288888888888888,8.684555555555555,7.3,8.1,0,5.26,7.8999999999999995,5.26,28,27.5,0,18.64,25.3,16.94,15.555555555555555
64591ad5-366a-447a-8134-2e1d2865da19,142,Baker Mayfield,Cleveland Browns,QB,QB21,142.9,0.9,46518,20.066666666666666,0,10.198,18.400000000000002,9.198,9.1,14,0,7.1,14,5.6,29.9,24.1,0,14.520000000000001,24.1,14.520000000000001,18.966666666666665
5d07a264-2036-4cde-b20b-01540ddaef7e,143,Trey Lance,San Francisco 49ers,QB,QB22,126.2,-16.8,NA,19.56741308255102,0.014637183015040134,11.207029553658087,17.85092835328488,10.008038566462327,8.10931317293614,10.872274576791558,0.01987303137230889,6.63208048577666,9.532629667879517,5.9375624006643175,33.92274186126775,29.426363783814306,0.029298718338009677,16.77023209383305,27.3351814667722,14.855458785561591,NA
b43f80c5-dfdc-41fe-83e9-5becc84d2d9e,144,Christian Kirk,Arizona Cardinals,WR,WR66,163.6,19.6,47546,13.055555555555555,0.23615022337639135,10.463555555555555,13.055555555555555,10.463555555555555,6.1,6.9,0.19879310497159466,6.477600000000001,6.9,6.477600000000001,34.8,17.4,0.30020917276956754,13.972,17.4,13.972,13.166666666666666
c6c2a61c-9dd8-41af-b666-c53586139679,145,Rashaad Penny,Seattle Seahawks,RB,RB43,165.9,20.9,27414,8.188888888888888,0.1426085323994111,6.389422222222223,8.188888888888888,6.389422222222223,3,5.4,0.09293545244188746,3.0999999999999996,5.4,3.0999999999999996,24.7,18.3,0.2288685539109259,10.065600000000002,18.3,10.065600000000002,11.344444444444445
18333356-4269-4ead-8276-c0d6c22f486b,146,James Robinson,Jacksonville Jaguars,RB,RB44,66.4,-79.6,22425,15.622222222222222,0.28534957005108386,12.057155555555555,15.622222222222222,12.057155555555555,9.5,9,0.21841682503587545,7.62,9,7.62,27.9,21.2,0.4343042446001505,15.463199999999999,21.2,15.463199999999999,17.844444444444445
dff016e8-b9bf-4b58-961e-7014311a2156,147,Gerald Everett,Seattle Seahawks,TE,TE15,152.7,5.7,11799,10.555555555555555,0.1538122812670191,8.270755555555557,10.555555555555555,8.270755555555557,1.9,5.4,0.1077923703362583,5.1696,5.4,5.1696,17.1,15.3,0.20553240185164803,13.054400000000001,15.3,13.054400000000001,8.922222222222222
68cec3ff-68dd-41ac-b91a-a40a850340a9,148,Irv Smith,Minnesota Vikings,TE,TE16,119.1,-28.9,42060,9.666666666666666,0.14443971116425386,5.314666666666667,9.666666666666666,5.314666666666667,3.6,6.4,0.10418518395522122,2.200000000000001,6.4,2.200000000000001,20.3,20.9,0.3002671659434394,9.1496,20.9,9.1496,9.433333333333334
848ad67a-81d8-4247-bc75-cee25d43a597,149,Terrace Marshall,Carolina Panthers,WR,WR67,149.9,0.9,NA,11.412673997102313,0.18583006292369084,8.646359611936877,11.456366232827666,8.675197528830097,3.394847861579712,6.726275686998816,0.134976647259266,4.992821198870562,6.798557573539261,5.014850149860585,19.536631817971188,15.456923936441832,0.2393489691260337,12.163987523553633,15.42261242072917,12.128031223753446,NA
bc123200-520b-441d-bea2-9c73b95dd4f0,150,Raheem Mostert,San Francisco 49ers,RB,RB45,80.4,-69.6,9783,12.488888888888889,0.25688601941688743,9.220888888888888,12.488888888888889,9.220888888888888,8.6,9.6,0.18271367590186233,5.4864000000000015,9.6,5.4864000000000015,47.6,16.8,0.56745982688422,13.8672,16.8,13.8672,20.033333333333335
96801a88-90cb-4566-97d6-3a727ebfab27,151,Nyheim Hines,Indianapolis Colts,RB,RB46,133.7,-17.3,48103,13.722222222222221,0.20204907845786524,9.287555555555555,13.722222222222221,9.287555555555555,7.1,8.9,0.1758164026120514,6.604,8.9,6.604,26,19.2,0.2788524408738422,13.9848,19.2,13.9848,14.555555555555555
d05fc267-28aa-4ad7-9620-fdd106498153,152,Darrell Henderson,Los Angeles Rams,RB,RB47,146.2,-5.8,41193,11.633333333333333,0.18896755734027273,6.9896,11.633333333333333,6.9896,1.9,5.7,0.12952000279449216,3.7800000000000002,5.7,3.7800000000000002,20.3,19.6,0.29630211931602585,10.162400000000002,19.6,10.162400000000002,10.555555555555555
b584610d-9490-40c1-95e1-2294474a440a,153,Henry Ruggs,Las Vegas Raiders,WR,WR68,145.8,-7.2,NA,12.302032572728255,0.2005515011360377,9.28781994189866,12.35303632095369,9.319068065572775,3.850401083265565,7.568799474693426,0.15179111364170644,5.589858063775878,7.647874500754352,5.611359108219757,21.44603559616156,16.71526694051062,0.26214889516890955,13.153732521646353,16.653839907628505,13.08767293473285,NA
e43488be-08de-47fc-8174-430a04392668,154,T.Y. Hilton,Indianapolis Colts,WR,WR69,140.5,-13.5,7092,15.033333333333333,0.25739728679787155,10.942666666666666,15.033333333333333,10.942666666666666,9.9,12.5,0.23311202036753514,9.0768,12.5,9.0768,24.7,18.1,0.29066268356203356,15.7904,18.1,15.7904,18.31111111111111
e393bb26-adf6-472d-bdab-3ca511985052,155,Latavius Murray,New Orleans Saints,RB,RB48,132.3,-22.7,7962,15.933333333333334,0.2671874836245931,10.686399999999999,15.933333333333334,10.686399999999999,4.8,8.1,0.18478468364862158,4.847200000000001,8.1,4.847200000000001,32.2,28.5,0.4100056336212676,19.8856,28.5,19.8856,19.633333333333333
72882b88-c301-49cd-8728-dd61e2164698,156,Bryan Edwards,Las Vegas Raiders,WR,WR70,188,32,28486,2.388888888888889,0.037349580859311074,1.851288888888889,2.388888888888889,1.851288888888889,0,1,0.014561331932974455,0.9424,1,0.9424,12.1,5,0.07820550278943388,3.4848,5,3.4848,3.422222222222222
72882b88-c301-49cd-8728-dd61e2164698,156,Bryan Edwards,Las Vegas Raiders,WR,WR70,188,32,28486,2.388888888888889,0.037349580859311074,1.851288888888889,2.388888888888889,1.851288888888889,0,1,0.014561331932974455,0.9424,1,0.9424,5.8,3.7,0.06265725229847686,3.4848,3.7,3.4848,3.422222222222222
72882b88-c301-49cd-8728-dd61e2164698,156,Bryan Edwards,Las Vegas Raiders,WR,WR70,188,32,28486,2.388888888888889,0.037349580859311074,1.851288888888889,2.388888888888889,1.851288888888889,0,1,0.014561331932974455,0.9424,1,0.9424,5.2,3.7,0.055594906064142094,3.0424,3.7,3.0424,3.422222222222222
72882b88-c301-49cd-8728-dd61e2164698,156,Bryan Edwards,Las Vegas Raiders,WR,WR70,188,32,28486,2.388888888888889,0.037349580859311074,1.851288888888889,2.388888888888889,1.851288888888889,0,1,0.014561331932974455,0.9424,1,0.9424,5.2,3.1,0.04085711371114654,3.0424,3.1,3.0424,3.422222222222222
72882b88-c301-49cd-8728-dd61e2164698,156,Bryan Edwards,Las Vegas Raiders,WR,WR70,188,32,28486,2.388888888888889,0.037349580859311074,1.851288888888889,2.388888888888889,1.851288888888889,0,1,0.014561331932974455,0.9424,1,0.9424,2.1,1.6,0.027454114736922663,1.4272,1.6,1.4272,3.422222222222222
72882b88-c301-49cd-8728-dd61e2164698,156,Bryan Edwards,Las Vegas Raiders,WR,WR70,188,32,28486,2.388888888888889,0.037349580859311074,1.851288888888889,2.388888888888889,1.851288888888889,0,1,0.014561331932974455,0.9424,1,0.9424,2.1,1.3,0.02270366409195473,1.2424,1.3,1.2424,3.422222222222222
72882b88-c301-49cd-8728-dd61e2164698,156,Bryan Edwards,Las Vegas Raiders,WR,WR70,188,32,28486,2.388888888888889,0.037349580859311074,1.851288888888889,2.388888888888889,1.851288888888889,0,1,0.014561331932974455,0.9424,1,0.9424,1.6,1.1,0.018295078324556686,1.1,1.1,1.1,3.422222222222222
72882b88-c301-49cd-8728-dd61e2164698,156,Bryan Edwards,Las Vegas Raiders,WR,WR70,188,32,28486,2.388888888888889,0.037349580859311074,1.851288888888889,2.388888888888889,1.851288888888889,0,1,0.014561331932974455,0.9424,1,0.9424,1.6,1.1,0.015817263784191782,1.1,1.1,1.1,3.422222222222222
72882b88-c301-49cd-8728-dd61e2164698,156,Bryan Edwards,Las Vegas Raiders,WR,WR70,188,32,28486,2.388888888888889,0.037349580859311074,1.851288888888889,2.388888888888889,1.851288888888889,0,1,0.014561331932974455,0.9424,1,0.9424,0,1.1,0.014561331932974455,1.1,1.1,1.1,3.422222222222222
74eadc79-6acc-482a-a526-73925e815a09,157,Amon-Ra St. Brown,Detroit Lions,WR,WR71,174.7,17.7,NA,8.662083752799148,0.14061433474914622,6.719962751529712,8.704226912931517,6.753924426755217,1.7972252704349083,4.201637918366547,0.08574343742824397,3.2707288251614415,4.284849084157328,3.3026995493985183,13.889303153301942,11.628113751323294,0.17438730581815903,9.324263689560615,11.649402360068958,9.350867611645429,NA
94050cec-d584-442d-afab-cb4be81de8d7,159,Justin Fields,Chicago Bears,QB,QB23,126.1,-32.9,NA,20.88764403512911,0.03664610995631898,12.187662522553987,19.192417318297593,10.998462196413893,8.6923659608123085,12.163040300068477,0.04620202040773083,7.579818627598778,10.849255552372076,6.888621057433102,36.884659386056086,31.3254452561478,0.06588773460296427,18.348812527661245,29.180050806439862,16.374265427803778,NA
909144b6-be76-4009-8463-473d7face9df,160,Cole Kmet,Chicago Bears,TE,TE17,168.3,8.3,60995,6.511111111111111,0.10052324356451339,5.019377777777778,6.511111111111111,5.019377777777778,1.2,2.4,0.042034036360375546,1.8351999999999995,2.4,1.8351999999999995,12.2,13.5,0.16783938740364154,8.860000000000001,13.5,8.860000000000001,5.388888888888888
33fed901-e5f8-4030-b5b9-a12f61618827,161,Adam Trautman,New Orleans Saints,TE,TE18,171,10,109795,2.8111111111111113,0.043085949905894316,1.9215111111111112,2.8111111111111113,1.9215111111111112,0.9,1.2,0.019778813528312875,0.7600000000000002,1.2,0.7600000000000002,11.4,6.7,0.09334549704108708,3.3424,6.7,3.3424,3.3111111111111113
52aa5c4a-01c8-4f9f-8d21-cbd3ace4164b,162,Blake Jarwin,Dallas Cowboys,TE,TE19,156,-6,12320,7.7555555555555555,0.11563900857145416,6.097955555555556,7.7555555555555555,6.097955555555556,1.8,3.9,0.07586748634677044,3.9,3.9,3.9,33.4,14.6,0.21035124046719872,8.9552,14.6,8.9552,9.422222222222222
ccf69edc-5075-4066-ba59-796688727723,163,Austin Hooper,Cleveland Browns,TE,TE20,177.8,14.8,10715,14.655555555555555,0.22796606908467068,10.329155555555555,14.655555555555555,10.329155555555555,10.6,11.7,0.1875556655597142,5.184799999999999,11.7,5.184799999999999,21.7,20.7,0.3315445941894167,14.4984,20.7,14.4984,15.566666666666666
c5579767-45b7-428a-bbe8-c7e38a075ed9,164,Russell Gage,Atlanta Falcons,WR,WR73,165.4,1.4,44771,14.155555555555555,0.20788512209047819,11.019555555555556,14.155555555555555,11.019555555555556,9.3,9.6,0.1679652100120702,7.9712,9.6,7.9712,15.9,20,0.26613109909591987,14.542399999999999,20,14.542399999999999,12.61111111111111
2b31ef68-d7c0-44f5-b2f8-80d34d4087ae,165,Kenny Gainwell,Philadelphia Eagles,RB,RB49,172.3,7.3,NA,9.578822279799228,0.1630885968094282,6.416934065709304,9.623468356232891,6.4525356854349685,3.402172392286122,5.0126600935603385,0.10668895658248256,3.3696626629774684,5.099985508338765,3.4028743138496704,17.05008114221775,14.061505252162348,0.22885240203619972,9.03093595823093,14.080721787147962,9.055360064782482,NA
7206a804-07fe-4d03-8908-9e6ac0e9fddd,166,J.D. McKissic,Washington,RB,RB50,158,-8,11047,14.544444444444444,0.2290825841360382,12.070577777777778,14.544444444444444,12.070577777777778,5.5,8.5,0.1739383388588745,8.3824,8.5,8.3824,21.2,26,0.3034187411117026,18.7688,26,18.7688,12.422222222222222
76f771da-7602-41d1-8838-3f36399c1c39,167,Devin Singletary,Buffalo Bills,RB,RB51,150.8,-16.2,40485,15.555555555555555,0.2578637015063032,11.590755555555555,15.555555555555555,11.590755555555555,9.8,9.1,0.18284716155326514,7.0816,9.1,7.0816,21.5,21.8,0.3490006893564075,16.5128,21.8,16.5128,14.3
6f16aac2-89f3-4ee1-8bd6-4a6414d01401,168,Tarik Cohen,Chicago Bears,RB,RB52,190.7,22.7,11874,15.133333333333333,0.2389155846675021,11.292266666666666,15.133333333333333,11.292266666666666,2.6,9.8,0.20437055726277217,5.720000000000001,9.8,5.720000000000001,26.9,22.6,0.3185017151234846,17.32,22.6,17.32,16.266666666666666
f9a7c542-d1e6-4b81-8599-a5805434a650,169,John Brown,Las Vegas Raiders,WR,WR74,176,7,8726,16.233333333333334,0.26171205206536907,11.951733333333333,16.233333333333334,11.951733333333333,3,11,0.2219365994681241,8.5488,11,8.5488,30.2,23.5,0.3886201438192199,14.9176,23.5,14.9176,13.066666666666666
647892a3-8245-48e8-8c23-57b2a4ab1278,170,Kadarius Toney,New York Giants,WR,WR75,177,7,NA,9.407940697657775,0.15310929085251296,7.2851456040519444,9.46618902881638,7.327084080468053,2.089928054116341,4.946618001091128,0.10115648413902434,3.830338170422017,5.050648821180182,3.8658003888857024,15.612793358059868,12.713232210921792,0.19613786309309905,10.259110203163829,12.698398778448773,10.246006659986241,NA
a13497e1-fda9-43d7-849f-66b19e185ffb,171,Sterling Shepard,New York Giants,WR,WR76,171.1,0.1,10674,15.311111111111112,0.2613169420850311,10.760444444444445,15.311111111111112,10.760444444444445,5.6,9.9,0.20650931734125177,5.9128,9.9,5.9128,29.6,18.5,0.34685562684425675,14.494399999999999,18.5,14.494399999999999,15.877777777777778
44f1ee5d-c653-423a-b5a0-9268e541a6a0,174,Anthony Schwartz,Cleveland Browns,WR,WR79,214.4,40.4,NA,4.601352094025092,0.07394187782642367,3.8906460220826506,4.646574296028755,3.9353761843092183,-0.6094355403322052,0.4951435531223467,0.0137655287720716,0.7600752384767304,0.6026261342073056,0.8088398483664747,5.617813706747967,5.991633032562433,0.0798983076561115,5.1883287178503,6.087805085649805,5.299510434184633,NA
3c39bb96-bb1b-4b85-8eff-1553a882a897,175,Eric Ebron,Pittsburgh Steelers,TE,TE21,171.9,-3.1,8645,15.933333333333334,0.23630970264575055,11.133066666666666,15.933333333333334,11.133066666666666,4.6,9.9,0.17287859626770827,5.34,9.9,5.34,27,25.6,0.3074967712839015,16.2864,25.6,16.2864,11.133333333333333
41bc59d5-654b-4af8-ab9e-7864a02fb2a0,176,Ben Roethlisberger,Pittsburgh Steelers,QB,QB24,177,1,1732,21.433333333333334,0,12.36888888888889,21.344444444444445,12.28,9.7,13.1,0,8.059999999999999,13.1,8.059999999999999,32,33,0,19.439999999999998,33,19.439999999999998,20.6
d960e3cb-ce05-48f0-8cad-42caa98a7d2d,177,Jamison Crowder,New York Jets,WR,WR80,164,-13,9538,14.6,0.2739446108997177,10.919466666666667,14.6,10.919466666666667,3.5,7.7,0.23981873129895673,6.8688,7.7,6.8688,24,19.2,0.3440735657956468,17.928,19.2,17.928,15.133333333333333
da7e367e-65a7-43fb-9f76-f250f4d3dccf,179,Derek Carr,Las Vegas Raiders,QB,QB25,190.5,11.5,8671,17.5,0,9.047555555555556,15.633333333333333,8.514222222222223,2.1,1.6,0,1.36,1.6,1.36,32.7,27.9,0,14.000999999999998,20.9,13.160999999999998,17.566666666666666
9b57c24f-8347-4a38-b7b4-3faeb0e407a0,180,Nico Collins,Houston Texans,WR,WR82,209.8,29.8,NA,5.722649761612175,0.09251734311073734,4.702095845615855,5.778079633701738,4.75045556602571,-0.043939950333747646,1.5612015897178004,0.03509521861774295,1.5186590976390804,1.6787490816084638,1.5671484010073637,8.037297824256946,7.581101505346009,0.10890515584587607,6.446589201753724,7.64175901892574,6.518382306629388,NA
0c1dbc8b-9c4b-44d4-853e-6f8627a3b659,181,Josh Palmer,Los Angeles Chargers,WR,WR83,209.5,28.5,NA,5.845481894555709,0.09455747574459838,4.791953194705098,5.902384348620901,4.840922131202861,0.014832338420308844,1.6793470252955291,0.037478379050261246,1.6038510282577807,1.798534428586061,1.6524499686287974,8.306680624554204,7.756278627875002,0.11217613436688656,6.588148783795717,7.812570219438982,6.65511321620156,NA
c311e03c-5219-4da0-a30b-f3baef6100c5,182,Jonnu Smith,New England Patriots,TE,TE22,136.2,-45.8,11855,10.144444444444444,0.1867377391766537,6.796711111111112,10.144444444444444,6.796711111111112,5,7.9,0.15744175779545552,4.5040000000000004,7.9,4.5040000000000004,22.4,12.8,0.23255340734345523,9.7504,12.8,9.7504,11.966666666666667
ddf56e3b-c252-44ab-a6b8-79bd7ce5c6c0,183,Hunter Henry,New England Patriots,TE,TE23,145.7,-37.3,10669,12.333333333333334,0.18912146261673662,8.115733333333333,12.333333333333334,8.115733333333333,6.7,8.3,0.1503654138808017,4.515199999999999,8.3,4.515199999999999,26,16.1,0.24578396535942165,10.892,16.1,10.892,12.755555555555556
c7d35178-c85a-4d99-bd5a-04c5719f9cf1,184,Chuba Hubbard,Carolina Panthers,RB,RB53,173.1,-10.9,NA,11.020496500541286,0.18714563412869534,7.492085398945793,11.089936220758638,7.539321874069243,4.024702280905374,6.428242922987451,0.1356476736829556,4.413912991009147,6.546203305919823,4.451373936182012,20.30381236493149,16.14000011790522,0.26922372575180614,10.771328929266268,16.097897544657577,10.728189597519354,NA
24934c5c-916a-471d-828a-366a0f8a3c32,185,Ty Johnson,New York Jets,RB,RB54,211.8,26.8,45769,9.322222222222223,0.14989544229403742,7.018488888888889,9.322222222222223,7.018488888888889,3.7,6.1,0.09289046356536372,4.158399999999999,6.1,4.158399999999999,18.7,20.1,0.3394482429246996,10.440000000000001,20.1,10.440000000000001,7.8
8650d1e8-9783-43da-a02e-bffbbbef1d8d,186,Alexander Mattison,Minnesota Vikings,RB,RB55,140.5,-45.5,45817,11.866666666666667,0.1829716428936449,7.681333333333334,11.866666666666667,7.681333333333334,3.5,7.2,0.13679160211121238,4.92,7.2,4.92,28,20.5,0.24602383478911438,11.6848,20.5,11.6848,10.977777777777778
9d562735-a712-4b86-9158-a2d51fed4cb5,187,Rob Gronkowski,Tampa Bay Buccaneers,TE,TE24,151.6,-35.4,5567,13.61111111111111,0.1852117653443763,8.977511111111111,13.61111111111111,8.977511111111111,0.7,9.8,0.16991139840536715,6.344000000000001,9.8,6.344000000000001,21.8,18.1,0.2459576464106528,12.512800000000002,18.1,12.512800000000002,11.477777777777778
b206653c-98fa-46a6-8856-64c16f98c68c,188,Jared Cook,Los Angeles Chargers,TE,TE25,174.9,-13.1,5012,12.822222222222223,0.20888299007170602,9.225422222222223,12.822222222222223,9.225422222222223,3.5,9,0.19172036039304738,5.3888,9,5.3888,27,18.6,0.2675365921016294,13.0232,18.6,13.0232,13.533333333333333
8869695c-451b-40f9-a7dd-65f4a9c4ab92,189,Emmanuel Sanders,Buffalo Bills,WR,WR84,170.7,-18.3,5606,17.144444444444446,0.2875042760021692,12.376444444444445,17.144444444444446,12.376444444444445,6.1,9.6,0.24650288431412296,7.6415999999999995,9.6,7.6415999999999995,21.3,21.4,0.4260587061114736,15.68,21.4,15.68,16.144444444444446
fcf45081-3540-4288-a916-79c2fdd2c635,190,Tylan Wallace,Baltimore Ravens,WR,WR85,215.3,25.3,NA,5.784331307343939,0.09368842281014983,4.774026944907922,5.850321458127889,4.828556960455931,-0.1024048444110841,1.6583430538531623,0.03758354378943579,1.619444710495216,1.7916052810085894,1.6718630955237312,8.292878618777209,7.698426741463919,0.11313697496974406,6.620872368945815,7.743714878818707,6.67600049963691,NA
a33779e8-01ef-487d-b79b-c30d23fb96d1,192,Darrynton Evans,Tennessee Titans,RB,RB57,211.7,19.7,40692,4.12,0.06513034418247544,1.6825600000000003,4.12,1.6825600000000003,0.1,0.5,0.011468016161645818,0.5,0.5,0.5,12.7,15.9,0.23442365396591747,3.772800000000002,15.9,3.772800000000002,3.04
a33779e8-01ef-487d-b79b-c30d23fb96d1,192,Darrynton Evans,Tennessee Titans,RB,RB57,211.7,19.7,40692,4.12,0.06513034418247544,1.6825600000000003,4.12,1.6825600000000003,0.1,0.5,0.011468016161645818,0.5,0.5,0.5,1.2,1.8,0.04365219483235617,1.8,1.8,1.8,3.04
a33779e8-01ef-487d-b79b-c30d23fb96d1,192,Darrynton Evans,Tennessee Titans,RB,RB57,211.7,19.7,40692,4.12,0.06513034418247544,1.6825600000000003,4.12,1.6825600000000003,0.1,0.5,0.011468016161645818,0.5,0.5,0.5,1.2,1.4,0.019615497027271424,1.3399999999999999,1.4,1.3399999999999999,3.04
a33779e8-01ef-487d-b79b-c30d23fb96d1,192,Darrynton Evans,Tennessee Titans,RB,RB57,211.7,19.7,40692,4.12,0.06513034418247544,1.6825600000000003,4.12,1.6825600000000003,0.1,0.5,0.011468016161645818,0.5,0.5,0.5,1.2,1,0.016492358925186374,1,1,1,3.04
a33779e8-01ef-487d-b79b-c30d23fb96d1,192,Darrynton Evans,Tennessee Titans,RB,RB57,211.7,19.7,40692,4.12,0.06513034418247544,1.6825600000000003,4.12,1.6825600000000003,0.1,0.5,0.011468016161645818,0.5,0.5,0.5,0.1,0.5,0.011468016161645818,0.5,0.5,0.5,3.04
ebcc0487-4fce-4141-b69e-cf8b7ea942c7,193,Lynn Bowden,Miami Dolphins,WR,RB58,215,22,NA,6.070476662618994,0.09845139153720128,4.985247764533268,6.14059052113722,5.041610943704464,0.028298766678055642,1.9362396270586792,0.04322644067615622,1.821999300469134,2.0743732793266183,1.87494655262112,8.928915452013513,8.1085854509917,0.12093970116198233,6.95792904543217,8.14277275245917,7.000803282279481,NA
6c19b0f4-dbe5-46a4-8bb9-8f4522e2f6af,194,Jameis Winston,New Orleans Saints,QB,QB26,190.3,-3.7,9434,12.78888888888889,0,7.209555555555555,12.233333333333333,6.654,-0.1,-0.1,0,-0.1,-0.1,-0.1,37.7,28.1,0,16.14,27.3,14.54,13.577777777777778
c7b76231-b0f7-4156-ab5b-b6f3f9511760,195,Mo Alie-Cox,Indianapolis Colts,TE,TE26,207.1,12.1,12078,5.611111111111111,0.0891604238955344,3.825511111111111,5.611111111111111,3.825511111111111,3.8,4.3,0.06006592745531944,1.2288000000000001,4.3,1.2288000000000001,13.6,9.5,0.1586009989525656,7.196,9.5,7.196,7.511111111111111
138c0f97-4400-4b13-a04a-d5e77b3a4e6e,196,Jared Goff,Detroit Lions,QB,QB27,196.4,0.4,10635,16.066666666666666,0,10.307777777777778,15.28888888888889,9.53,7,7.8,0,5.619999999999999,7.2,5.02,25,23.3,0,15.203000000000001,23.3,12.98,14.822222222222223
76b4bd01-83be-4e42-be96-7300fe68a69c,197,Marquez Valdes-Scantling,Green Bay Packers,WR,WR86,192,-5,47809,12.577777777777778,0.19709033240829973,9.000177777777777,12.577777777777778,9.000177777777777,4.7,8.7,0.16748703226839814,7.202399999999999,8.7,7.202399999999999,22.9,16.9,0.25129134677209,10.967199999999998,16.9,10.967199999999998,10.922222222222222
e67c62f1-487f-43b4-b3d7-9936dbf31332,198,K.J. Hamler,Denver Broncos,WR,WR87,201.8,3.8,61590,8.088888888888889,0.13418243793943846,6.808088888888889,8.088888888888889,6.808088888888889,0.9,3.6,0.07423846798197985,2.6784,3.6,2.6784,21.6,14,0.2072305706537828,12.212,14,12.212,7.911111111111111
ee0db6e3-7516-4cdf-a310-918649f10c82,199,Javian Hawkins,Atlanta Falcons,RB,RB59,211.1,12.1,NA,7.02977957617642,0.12159639044062193,4.706733677282699,7.100480320718798,4.763499065020117,1.6753477041267555,2.778859998443844,0.06467868440327945,1.936123483635388,2.9179971587045426,1.989392542013615,12.153318327128915,10.595427009979979,0.17589857313577828,6.688159393757147,10.629284826159083,6.730698727530992,NA
d501bdab-4a71-40e9-b748-889725b5bf0d,200,Zach Ertz,Philadelphia Eagles,TE,TE27,193.5,-6.5,7816,18.766666666666666,0.2691662504312419,13.7992,18.766666666666666,13.7992,7.3,12.5,0.23759091834597432,11.2056,12.5,11.2056,33.5,25,0.3542497500413764,17.8,25,17.8,18.27777777777778
ff6be397-b8a4-446c-b78d-ade23715f42b,201,DeSean Jackson,Los Angeles Rams,WR,WR88,199,-2,4363,11.066666666666666,0.15955528433341157,9.345066666666666,11.066666666666666,9.345066666666666,4,8.5,0.1384741452479746,6.8872,8.5,6.8872,31.4,13.8,0.1905943928421791,10.9,13.8,10.9,13.788888888888888
77969a65-3022-4d52-93b6-d2b34ea3c8f6,202,Jalen Guyton,Los Angeles Chargers,WR,WR89,211.1,9.1,34164,6.811111111111111,0.10194766713451667,5.024977777777778,6.811111111111111,5.024977777777778,0,4.6,0.0601016658875226,3.2704000000000004,4.6,3.2704000000000004,15.4,10.5,0.14571271558543206,7.3271999999999995,10.5,7.3271999999999995,5.666666666666667
1c7714d1-183b-4738-bd43-17abf014660e,203,Joshua Kelley,Los Angeles Chargers,RB,RB60,214.8,11.8,13750,9.744444444444444,0.1469817511598118,6.726577777777778,9.744444444444444,6.726577777777778,3,6,0.07839347724459471,2.12,6,2.12,12.3,17.4,0.26674687469243624,11.7,17.4,11.7,7.588888888888889
664389a6-4faf-4d3d-949b-d2c74a8d223b,204,Elijah Mitchell,San Francisco 49ers,RB,RB61,215.1,11.1,NA,6.8890556749682474,0.11935395284338729,4.621134169340447,6.964423979289894,4.680996194979155,1.5510876421442772,2.667972952328892,0.0627841294665537,1.8760554528089184,2.8148668362905145,1.93170562725739,11.922542958440182,10.413729923748932,0.17382654650855967,6.5927549989373375,10.444063322982132,6.631612103047377,NA
19bc20bf-81ad-45fb-8ee7-7a428db7b187,205,Dan Arnold,Carolina Panthers,TE,TE28,214.6,9.6,51842,7.2,0.11326995602075862,4.940799999999999,7.2,4.940799999999999,2.5,4.2,0.07970106362663432,2.5232,4.2,2.5232,19.1,14.2,0.20072027481149962,6.7696,14.2,6.7696,9.144444444444444
538cc09b-764e-48c1-b458-51fedfeeaadf,206,Tyler Conklin,Minnesota Vikings,TE,TE29,215.1,9.1,47124,4.644444444444445,0.07055189199925435,3.8572444444444445,4.644444444444445,3.8572444444444445,0,2.7,0.04675622619761744,0.41359999999999975,2.7,0.41359999999999975,13.2,6.6,0.09482121029792824,6.6,6.6,6.6,4.666666666666666
54fe78c0-ea25-423b-8b9d-e75d60ac6f83,207,Allen Lazard,Green Bay Packers,WR,WR90,204.5,-2.5,48135,11.11111111111111,0.16430571827526977,8.109244444444444,11.11111111111111,8.109244444444444,4.2,6.2,0.1202156810748696,5.1056,6.2,5.1056,23.4,15.7,0.19865947805712103,12.0816,15.7,12.0816,10.9
dd06536e-6005-4d09-b616-6fc3a45363ce,208,A.J. Green,Arizona Cardinals,WR,WR91,188.3,-19.7,6156,16.333333333333332,0.27362170807746516,10.739733333333334,16.333333333333332,10.739733333333334,0,9.3,0.19756085721091482,4.864800000000001,9.3,4.864800000000001,27.4,21,0.3871379977824134,17.0288,21,17.0288,12.755555555555555
84d11234-3ce1-41f1-aeb8-279c84bc78b4,209,Ke'Shawn Vaughn,Tampa Bay Buccaneers,RB,RB62,215.1,6.1,45866,4.5285714285714285,0.06179225787960478,3.5377142857142854,4.5285714285714285,3.5377142857142854,-0.3,0.5,0.010501280736198586,0.44,0.5,0.44,9.6,9.7,0.12109375877773702,7.779999999999999,9.7,7.779999999999999,3.5571428571428574
84d11234-3ce1-41f1-aeb8-279c84bc78b4,209,Ke'Shawn Vaughn,Tampa Bay Buccaneers,RB,RB62,215.1,6.1,45866,4.5285714285714285,0.06179225787960478,3.5377142857142854,4.5285714285714285,3.5377142857142854,-0.3,0.5,0.010501280736198586,0.44,0.5,0.44,7.4,8.2,0.1074504856368839,7.779999999999999,8.2,7.779999999999999,3.5571428571428574
84d11234-3ce1-41f1-aeb8-279c84bc78b4,209,Ke'Shawn Vaughn,Tampa Bay Buccaneers,RB,RB62,215.1,6.1,45866,4.5285714285714285,0.06179225787960478,3.5377142857142854,4.5285714285714285,3.5377142857142854,-0.3,0.5,0.010501280736198586,0.44,0.5,0.44,4.2,3.8,0.06029929395874068,3.6199999999999997,3.8,3.6199999999999997,3.5571428571428574
84d11234-3ce1-41f1-aeb8-279c84bc78b4,209,Ke'Shawn Vaughn,Tampa Bay Buccaneers,RB,RB62,215.1,6.1,45866,4.5285714285714285,0.06179225787960478,3.5377142857142854,4.5285714285714285,3.5377142857142854,-0.3,0.5,0.010501280736198586,0.44,0.5,0.44,2.1,3.8,0.05522365263754476,3.5624,3.8,3.5624,3.5571428571428574
84d11234-3ce1-41f1-aeb8-279c84bc78b4,209,Ke'Shawn Vaughn,Tampa Bay Buccaneers,RB,RB62,215.1,6.1,45866,4.5285714285714285,0.06179225787960478,3.5377142857142854,4.5285714285714285,3.5377142857142854,-0.3,0.5,0.010501280736198586,0.44,0.5,0.44,2.1,3.8,0.050615578675923104,3.5624,3.8,3.5624,3.5571428571428574
84d11234-3ce1-41f1-aeb8-279c84bc78b4,209,Ke'Shawn Vaughn,Tampa Bay Buccaneers,RB,RB62,215.1,6.1,45866,4.5285714285714285,0.06179225787960478,3.5377142857142854,4.5285714285714285,3.5377142857142854,-0.3,0.5,0.010501280736198586,0.44,0.5,0.44,0.4,2.2,0.027361754734205435,2.14,2.2,2.14,3.5571428571428574
84d11234-3ce1-41f1-aeb8-279c84bc78b4,209,Ke'Shawn Vaughn,Tampa Bay Buccaneers,RB,RB62,215.1,6.1,45866,4.5285714285714285,0.06179225787960478,3.5377142857142854,4.5285714285714285,3.5377142857142854,-0.3,0.5,0.010501280736198586,0.44,0.5,0.44,-0.3,0.5,0.010501280736198586,0.44,0.5,0.44,3.5571428571428574
f7400d0c-b6f4-4821-b1af-f6c19f23f235,210,Anthony McFarland,Pittsburgh Steelers,RB,RB63,215.9,5.9,57289,2.7333333333333334,0.04043614103889215,2.5165333333333333,2.7333333333333334,2.5165333333333333,0.3,1.4,0.018916955645684335,1.2799999999999998,1.4,1.2799999999999998,5.4,5.1,0.07553509953156388,5.0424,5.1,5.0424,2.111111111111111
eefdfe59-f856-4de2-9d18-f48a10aa192e,211,Phillip Lindsay,Houston Texans,RB,RB64,176.8,-34.2,12660,14.88888888888889,0.28776342063156185,10.362488888888889,14.88888888888889,10.362488888888889,7.3,8.2,0.25084810890456627,7.959999999999999,8.2,7.959999999999999,28.4,25.9,0.3789473807420404,13.309599999999996,25.9,13.309599999999996,18.22222222222222
137a7e3d-86ed-40dc-b4f8-ddf0c4476253,212,Wayne Gallman,San Francisco 49ers,RB,RB65,215.7,3.7,11895,14.055555555555555,0.24614570330393745,9.396088888888888,14.055555555555555,9.396088888888888,3.8,7.7,0.13488666822136042,6,7.7,6,26.8,23,0.3654379583267263,14.108,23,14.108,14.311111111111112
1015230f-f03b-4746-b566-4bfab2b750ea,213,Zach Wilson,New York Jets,QB,QB28,163.9,-49.1,NA,20.108985294080753,0.02464464647696979,11.788348885559055,18.466814566598778,10.632542610517742,7.7608765879588155,11.654317803775971,0.03930008678860536,7.408274711612517,10.42474045383342,6.740993589968113,35.941289513116864,30.40147064738529,0.061601731366142776,18.107043690363795,28.200040123221967,16.07263939804618,NA
a673b6f2-1a0c-4f46-9517-ac9623219a00,214,Sam Darnold,Carolina Panthers,QB,QB29,166.6,-47.4,29048,14.433333333333334,0,9.433333333333334,11.822222222222223,7.488888888888889,2.8,9.9,0,6.18,9.700000000000001,5.140000000000001,23.6,23.8,0,15.860000000000001,15.1,9.62,12.577777777777778
9a8e9057-e633-493b-a73c-a58bc853d946,215,Tutu Atwell,Los Angeles Rams,WR,WR92,215.2,0.2,NA,7.839471760413879,0.12795011217078578,6.300795531216293,7.93864998954637,6.370623971728728,0.8043388939729557,3.6679888964551335,0.07858134686876683,3.0953148194158224,3.841653096533083,3.152940254934311,12.90473929179128,10.654925355291951,0.17011885575522367,9.07918972777366,10.615694247558874,9.041130570695895,NA
e912861e-c0ff-47e1-b8d5-61d8166f22f2,216,Ihmir Smith-Marsette,Minnesota Vikings,WR,RB68,216,0,NA,7.811326980172243,0.12750162465133885,6.28367562962784,7.911438721260588,6.354123397720535,0.779486881576462,3.6458114872321428,0.07820243588142173,3.083301213250527,3.8210270320502744,3.1414028719830664,12.85858421805353,10.618585938045733,0.16970445042978,9.060108848809698,10.578649946923484,9.021313245799167,NA
